0x803d64,Name,Description,ID,Support Class,Portrait,Map Portrait,Affinity,Unit Sort Order,Lv,HP,Atk,Skl,Spd,Def,Res,Luck,Con,Sword,Lance,Axe,Bow,Staff,Anima,Light,Dark,HP Growth,Atk Growth,Skl Growth,Spd Growth,Def Growth,Res Growth,Luck Growth,N/A,N/A,Unique Anims,N/A,N/A,CharClassAbility,Support Data Ptr,N/A (Conversation Group),N/A,N/A,N/A
0x01 Cleo,CleoName,CleoDesc,0x1,Skyseeker,0x2,0x0,LightAffinity,0x1,2,0,0,0,0,0,0,5,0,NoRank,NoRank,DRank,NoRank,NoRank,NoRank,NoRank,NoRank,60,40,35,30,20,20,40,0x0,0x0,0x0,0x0,0x0,IsFemale,0x0,0x0,0x0,0x0,0x0
0x02 Mira,MiraName,MiraDesc,0x2,ThiefFighter_F,0x4,0x0,IceAffinity,0x3,1,6,0,3,3,2,0,7,0,BRank,NoRank,NoRank,NoRank,NoRank,NoRank,NoRank,NoRank,40,15,25,25,10,5,25,0x0,0x0,0x0,0x0,0x0,IsFemale,0x0,0x0,0x0,0x0,0x0
0x03 Iskra,IskraName,IskraDesc,0x3,Mage_F,0x5,0x0,DarkAffinity,0x7,1,2,3,3,0,0,0,6,1,NoRank,NoRank,NoRank,NoRank,NoRank,DRank,NoRank,NoRank,50,30,40,35,10,30,30,0x0,0x0,0x0,0x0,0x0,IsFemale,0x0,0x0,0x0,0x0,0x0
0x04 Emil,EmilName,EmilDesc,0x4,LanceKnight,0x6,0x0,LightAffinity,0x6,1,2,4,2,1,1,0,5,3,NoRank,DRank,NoRank,NoRank,NoRank,NoRank,NoRank,NoRank,65,45,35,30,20,5,45,0x0,0x0,0x0,0x0,0x0,0x0,0x0,0x0,0x0,0x0,0x0
0x05 Svetomir,SvetomirName,SvetomirDesc,0x5,Priest,0x7,0x0,ThunderAffinity,0x8,2,2,0,2,3,1,0,4,8,NoRank,NoRank,NoRank,NoRank,CRank,NoRank,NoRank,NoRank,50,10,30,30,15,25,25,0x0,0x0,0x0,0x0,0x0,0x0,0x0,0x0,0x0,0x0,0x0
0x06 Alena,AlenaName,AlenaDesc,0x6,Myrmidon_F,0x8,0x0,WindAffinity,0x9,3,3,2,2,0,1,2,4,2,CRank,NoRank,NoRank,NoRank,NoRank,NoRank,NoRank,NoRank,65,40,40,35,20,5,35,0x0,0x0,0x0,0x0,0x0,IsFemale,0x0,0x0,0x0,0x0,0x0
0x07 Varga,VargaName,VargaDesc,0x7,SwordArmor,0x9,0x0,WindAffinity,0xa,4,6,1,3,1,2,0,5,2,DRank,NoRank,NoRank,NoRank,NoRank,NoRank,NoRank,NoRank,75,40,30,30,30,1,35,0x0,0x0,0x0,0x0,0x0,0x0,0x0,0x0,0x0,0x0,0x0
0x08 Delilah,DelilahName,DelilahDesc,0x8,Sister,0xa,0x0,LightAffinity,0xb,1,(-1),0,1,4,1,2,4,(-1),NoRank,NoRank,NoRank,NoRank,ERank,NoRank,DRank,NoRank,50,5,30,40,10,10,50,0x0,0x0,0x0,0x0,0x0,IsFemale,0x0,0x0,0x0,0x0,0x0
0x09 Alex,AlexName,AlexAxelDesc,0x9,AxeFighter_F,0xc,0x0,ThunderAffinity,0xc,3,4,1,3,2,1,0,8,1,NoRank,NoRank,NoRank,NoRank,NoRank,NoRank,NoRank,NoRank,65,35,35,40,20,10,45,0x0,0x0,0x0,0x0,0x0,IsFemale,0x0,0x0,0x0,0x0,0x0
0x0A Axel,AxelName,AlexAxelDesc,0xa,AxeFighter,0xe,0x0,ThunderAffinity,0xd,3,4,1,3,2,1,0,8,1,NoRank,NoRank,NoRank,NoRank,NoRank,NoRank,NoRank,NoRank,65,35,35,40,20,10,45,0x0,0x0,0x0,0x0,0x0,0x0,0x0,0x0,0x0,0x0,0x0
0x0B Filone,FiloneName,FiloneDesc,0xb,Archer_F,0xf,0x0,LightAffinity,0x14,1,1,0,0,2,1,2,9,0,NoRank,NoRank,NoRank,ERank,NoRank,NoRank,NoRank,NoRank,50,30,40,45,20,25,40,0x0,0x0,0x0,0x0,0x0,IsFemale,0x0,0x0,0x0,0x0,0x0
0x0C Zwieback,ZwiebackName,ZwiebackDesc,0xc,0x46,0x10,0x0,DarkAffinity,0xf,6,4,1,4,2,1,0,4,1,NoRank,NoRank,NoRank,CRank,NoRank,NoRank,NoRank,NoRank,70,35,30,15,25,2,25,0x0,0x0,0x0,0x0,0x0,0x0,0x0,0x7,0x0,0x0,0x0
0x0D Leina,LeinaName,LeinaDesc,0xd,Troubadour,0x11,0x0,DarkAffinity,0x10,3,6,2,2,4,0,(-2),5,1,CRank,NoRank,NoRank,NoRank,ERank,NoRank,NoRank,NoRank,35,35,25,45,30,20,45,0x0,0x0,0x0,0x0,0x0,IsFemale,0x0,0x0,0x0,0x0,0x0
0x0E Cromar,CromarName,CromarDesc,0xe,Hero,0x13,0x0,LightAffinity,0x1f,1,4,3,1,3,3,(-1),1,4,CRank,NoRank,DRank,NoRank,NoRank,NoRank,NoRank,NoRank,30,40,45,45,30,0,15,0x0,0x0,0x0,0x0,0x0,0x0,0x0,0x0,0x0,0x0,0x0
0x0F Loewe,LoeweName,LoeweDesc,0xf,Scaleshot,0x14,0x0,FireAffinity,0x1,5,0,0,0,0,0,0,5,0,NoRank,NoRank,NoRank,DRank,NoRank,NoRank,NoRank,NoRank,50,25,30,30,10,5,30,0x0,0x0,0x0,0x0,0x0,0x0,0x0,0x0,0x0,0x0,0x0
0x10 Longxia,LongxiaName,LongxiaDesc,0x10,0x74,0x16,0x0,IceAffinity,0x5,3,4,1,1,6,0,5,8,2,NoRank,NoRank,DRank,NoRank,NoRank,NoRank,NoRank,NoRank,65,30,45,45,15,35,35,0x0,0x0,0x0,0x0,0x0,IsFemale,0x0,0x0,0x0,0x0,0x0
0x11 Fangai,FangaiName,FangaiDesc,0x11,0x2d,0x18,0x0,FireAffinity,0x4,3,6,5,3,2,3,0,6,10,NoRank,NoRank,NoRank,NoRank,DRank,NoRank,NoRank,DRank,70,25,35,35,35,30,25,0x0,0x0,0x0,0x0,0x0,0x0,0x0,0x0,0x0,0x0,0x0
0x12 Gimm,GimmName,GimmDesc,0x12,Thief,0x19,0x0,ThunderAffinity,0x13,4,1,2,(-1),2,2,0,7,0,CRank,NoRank,NoRank,NoRank,NoRank,NoRank,NoRank,NoRank,50,50,50,50,10,50,50,0x0,0x0,0x0,0x0,0x0,0x0,0x0,0x0,0x0,0x0,0x0
0x13 Tobie,TobieName,TobieDesc,0x13,PegasusRider,0x1a,0x0,IceAffinity,0xe,5,5,3,6,2,2,6,13,0,NoRank,DRank,NoRank,NoRank,NoRank,NoRank,NoRank,NoRank,50,20,45,40,20,50,70,0x0,0x0,0x0,0x0,0x0,IsFemale,0x0,0x0,0x0,0x0,0x0
0x14 Awa,AwaName,AwaDesc,0x14,AxeKnight,0x1b,0x0,ThunderAffinity,0x15,5,7,4,2,1,3,0,4,2,NoRank,NoRank,CRank,NoRank,NoRank,NoRank,NoRank,NoRank,55,40,35,20,30,5,30,0x0,0x0,0x0,0x0,0x0,IsFemale,0x0,0x4,0x0,0x0,0x0
0x15 Cadenza,CadenzaName,CadenzaDesc,0x15,Bard,0x1c,0x0,FireAffinity,0x16,5,3,0,9,1,3,2,2,4,NoRank,NoRank,NoRank,NoRank,NoRank,DRank,DRank,NoRank,70,3,60,25,40,15,2,0x0,0x0,0x0,0x0,0x0,0x0,0x0,0x0,0x0,0x0,0x0
0x16 Faolan,FaolanName,FaolanDesc,0x16,RookKnight,0x1e,0x0,IceAffinity,0x17,7,6,3,3,2,3,0,7,3,CRank,DRank,NoRank,NoRank,NoRank,NoRank,NoRank,NoRank,65,40,45,30,25,5,35,0x0,0x0,0x0,0x0,0x0,0x0,0x0,0x0,0x0,0x0,0x0
0x17 Iberis,IberisName,IberisDesc,0x17,0x48,0x20,0x0,DarkAffinity,0x18,5,5,0,7,0,2,0,8,5,NoRank,NoRank,NoRank,NoRank,NoRank,CRank,NoRank,NoRank,65,5,50,1,30,20,30,0x0,0x0,0x0,0x0,0x0,0x0,0x0,0x0,0x0,0x0,0x0
0x18 Buldak,BuldakName,BuldakDesc,0x18,0xd,0x21,0x0,IceAffinity,0x19,5,6,1,1,1,5,0,6,3,ARank,NoRank,NoRank,NoRank,NoRank,NoRank,NoRank,NoRank,80,20,30,35,40,5,40,0x0,0x0,0x0,0x0,0x0,0x0,0x0,0x0,0x0,0x0,0x0
0x19 Nora,NoraName,NoraDesc,0x19,0x23,0x22,0x0,WindAffinity,0x1b,7,9,5,4,3,2,0,7,0,NoRank,NoRank,CRank,NoRank,NoRank,NoRank,NoRank,NoRank,65,30,45,25,25,2,30,0x0,0x0,0x1,0x0,0x0,IsFemale,0x0,0x0,0x0,0x0,0x0
0x1A Hans,HansName,HansDesc,0x1a,0x5,0x23,0x0,IceAffinity,0x1c,7,7,3,3,3,6,5,3,5,DRank,NoRank,NoRank,NoRank,NoRank,NoRank,NoRank,NoRank,75,20,20,20,40,30,15,0x0,0x0,0x0,0x0,0x0,0x0,0x0,0x0,0x0,0x0,0x0
0x1B -,0x267,0x0,0x1b,0x41,0x0,0x0,NoAffinity,0x0,0,0,0,0,0,0,0,0,0,NoRank,NoRank,NoRank,NoRank,NoRank,NoRank,NoRank,NoRank,85,50,10,10,10,15,30,0x0,0x0,0x0,0x0,0x0,0x0,0x0,0x0,0x0,0x0,0x0
0x1C Jenny,JennyName,JennyDesc,0x1c,RookKnight,0x24,0x0,DarkAffinity,0x1d,6,4,2,4,3,2,3,8,1,ERank,DRank,NoRank,NoRank,NoRank,NoRank,NoRank,NoRank,55,25,45,50,20,8,55,0x0,0x0,0x0,0x0,0x0,IsFemale,0x0,0x0,0x0,0x0,0x0
0x1D Meldan,MeldanName,MeldanDesc,0x1d,DukeKnight,0x25,0x0,ThunderAffinity,0x1e,5,6,1,3,(-4),2,0,5,4,NoRank,ARank,NoRank,NoRank,NoRank,NoRank,NoRank,NoRank,55,15,35,15,25,0,25,0x0,0x0,0x0,0x0,0x0,0x0,0x0,0x0,0x0,0x0,0x0
0x1E Valse,ValseName,ValseDesc,0x1e,Freelancer,0x26,0x0,WindAffinity,0x22,8,8,7,4,1,4,1,7,5,NoRank,CRank,NoRank,NoRank,NoRank,NoRank,NoRank,NoRank,70,40,30,35,30,10,30,0x0,0x0,0x0,0x0,0x0,0x0,0x0,0xc,0x0,0x0,0x0
0x1F Hornet,HornetName,HornetDesc,0x1f,BowKnight,0x29,0x0,DarkAffinity,0x20,5,5,4,4,1,1,0,4,0,NoRank,NoRank,NoRank,CRank,NoRank,NoRank,NoRank,NoRank,60,45,55,20,5,5,20,0x0,0x0,0x0,0x0,0x0,IsFemale,0x0,0x0,0x0,0x0,0x0
0x20 Milo,MiloName,MiloDesc,0x20,0x4F,0x2A,0x0,WindAffinity,0x11,9,10,5,4,3,3,2,7,2,NoRank,NoRank,CRank,NoRank,NoRank,NoRank,NoRank,NoRank,65,35,30,25,25,10,30,0x0,0x0,0x0,0x0,0x0,0x0,0x0,0x0,0x0,0x0,0x0
0x21 Ichwep,IchwepName,IchwepDesc,0x21,0x4E,0x2B,0x0,ThunderAffinity,0x23,9,5,1,4,8,2,5,9,0,NoRank,CRank,NoRank,NoRank,NoRank,NoRank,NoRank,NoRank,65,25,45,40,25,25,40,0x0,0x0,0x0,0x0,0x0,IsFemale|TriangleAttack,0x0,0x0,0x0,0x0,0x0
0x22 Mink,MinkName,MinkDesc,0x22,Bard,0x2c,0x0,WindAffinity,0x12,10,0,0,0,0,0,0,0,0,NoRank,NoRank,NoRank,NoRank,NoRank,CRank,DRank,NoRank,0,0,0,0,0,0,0,0x0,0x0,0x0,0x0,0x0,0x0,0x0,0x0,0x0,0x0,0x0
0x23 Tiberius,TiberiusName,TiberiusDesc,0x23,Noble,0x46,0x0,DarkAffinity,0x24,4,0,0,0,0,0,0,0,0,DRank,NoRank,NoRank,NoRank,NoRank,NoRank,NoRank,NoRank,0,0,0,0,0,0,0,0x0,0x0,0x0,0x0,0x0,0x0,0x0,0x0,0x0,0x0,0x0
0x24 Ellerey,EllereyName,EllereyDesc,0x24,LanceArmor,0xc0,0x0,DarkAffinity,0x28,13,10,6,7,5,6,2,10,1,NoRank,BRank,NoRank,NoRank,NoRank,NoRank,NoRank,NoRank,80,40,50,15,30,1,40,0x0,0x0,0x0,0x0,0x0,0x0,0x0,0x0,0x0,0x0,0x0
0x25 Mantou,MantouName,MantouDesc,0x25,Brigand_F,0xC1,0x0,WindAffinity,0x27,10,22,2,11,4,(-2),0,14,4,NoRank,NoRank,BRank,NoRank,NoRank,NoRank,NoRank,NoRank,90,30,60,30,5,5,60,0x0,0x0,0x0,0x0,0x0,IsFemale,0x0,0x0,0x0,0x0,0x0
0x26 Tippany,TippanyName,TippanyDesc,0x26,DarkMage_F,0xc2,0x0,ThunderAffinity,0x26,6,4,1,4,6,2,8,12,6,NoRank,NoRank,NoRank,NoRank,CRank,NoRank,NoRank,NoRank,45,8,40,55,12,12,55,0x0,0x0,0x0,0x0,0x0,IsFemale,0x0,0x0,0x0,0x0,0x0
0x27 Pelecaye,PelecayeName,PelecayeDesc,0x27,General,0xc3,0x0,IceAffinity,0x29,1,7,3,(-1),4,0,1,8,2,ERank,DRank,ARank,ERank,NoRank,NoRank,NoRank,NoRank,55,35,25,5,30,2,30,0x0,0x0,0x0,0x0,0x0,0x0,0x0,0x0,0x0,0x0,0x0
0x28 Carl,CarlName,CarlDesc,0x28,SwordFighter,0xc4,0x0,DarkAffinity,0x2b,9,9,5,6,3,7,4,7,3,CRank,NoRank,NoRank,NoRank,NoRank,NoRank,NoRank,NoRank,80,20,10,30,35,20,40,0x0,0x0,0x0,0x0,0x0,0x0,0x0,0x0,0x0,0x0,0x0
0x29 Darby,DarbyName,DarbyDesc,0x29,0x3e,0xC5,0x0,WindAffinity,0x2a,12,7,5,4,6,3,5,8,1,NoRank,NoRank,NoRank,BRank,NoRank,NoRank,NoRank,NoRank,75,40,30,30,5,5,30,0x0,0x0,0x0,0x0,0x0,0x0,0x0,0x0,0x0,0x0,0x0
0x2A Jacinth,JacinthName,JacinthDesc,0x2a,0x4D,0xC6,0x0,FireAffinity,0x2c,1,6,5,3,7,3,8,9,3,DRank,NoRank,NoRank,NoRank,NoRank,NoRank,NoRank,NoRank,50,15,15,70,10,55,70,0x0,0x0,0x0,0x0,0x0,0x0,0x0,0x0,0x0,0x0,0x0
0x2B Nahiza,NahizaName,NahizaDesc,0x2b,Ballistician,0xCB,0x0,ThunderAffinity,0x2e,3,12,4,4,0,4,4,6,(-2),NoRank,NoRank,NoRank,CRank,NoRank,NoRank,NoRank,NoRank,65,45,35,2,25,5,25,0x0,0x0,0x0,0x0,0x0,IsFemale,0x0,0x0,0x0,0x0,0x0
0x2C Augur,AugurName,AugurDesc,0x2c,Manakete_2_F,0xCC,0x0,LightAffinity,0x2d,1,(-2),0,0,(-2),(-2),(-2),0,0,NoRank,NoRank,NoRank,NoRank,NoRank,NoRank,NoRank,NoRank,20,50,30,30,25,25,99,0x0,0x0,0x0,0x0,0x0,IsFemale,0x0,0x0,0x0,0x0,0x0
0x2D Ilse,IlseName,IlseDesc,0x2d,HighPriestess,0xd5,0x0,LightAffinity,0x2f,1,7,3,5,5,3,2,8,0,NoRank,NoRank,NoRank,NoRank,CRank,NoRank,BRank,NoRank,40,30,20,25,10,25,35,0x0,0x0,0x0,0x0,0x0,IsFemale,0x0,0x0,0x0,0x0,0x0
0x2E Rashid,RashidName,RashidDesc,0x2e,Sniper,0xd7,0x0,IceAffinity,0x30,1,5,4,10,2,0,1,7,0,NoRank,NoRank,NoRank,BRank,NoRank,NoRank,NoRank,NoRank,55,20,35,20,10,15,30,0x0,0x0,0x0,0x0,0x0,0x0,0x0,0x0,0x0,0x0,0x0
0x2F -,0x267,0x0,0x2f,0x41,0x0,0x0,NoAffinity,0x0,0,0,0,0,0,0,0,0,0,NoRank,NoRank,NoRank,NoRank,NoRank,NoRank,NoRank,NoRank,85,50,10,10,10,15,30,0x0,0x0,0x0,0x0,0x0,0x0,0x0,0x0,0x0,0x0,0x0
0x30 -,0x267,0x0,0x30,0x41,0x0,0x0,NoAffinity,0x0,0,0,0,0,0,0,0,0,0,NoRank,NoRank,NoRank,NoRank,NoRank,NoRank,NoRank,NoRank,85,50,10,10,10,15,30,0x0,0x0,0x0,0x0,0x0,0x0,0x0,0x0,0x0,0x0,0x0
0x31 -,0x267,0x0,0x31,0x41,0x0,0x0,NoAffinity,0x0,0,0,0,0,0,0,0,0,0,NoRank,NoRank,NoRank,NoRank,NoRank,NoRank,NoRank,NoRank,85,50,10,10,10,15,30,0x0,0x0,0x0,0x0,0x0,0x0,0x0,0x0,0x0,0x0,0x0
0x32 -,0x267,0x0,0x32,0x41,0x0,0x0,NoAffinity,0x0,0,0,0,0,0,0,0,0,0,NoRank,NoRank,NoRank,NoRank,NoRank,NoRank,NoRank,NoRank,85,50,10,10,10,15,30,0x0,0x0,0x0,0x0,0x0,0x0,0x0,0x0,0x0,0x0,0x0
0x33 -,0x267,0x0,0x33,0x41,0x0,0x0,NoAffinity,0x0,0,0,0,0,0,0,0,0,0,NoRank,NoRank,NoRank,NoRank,NoRank,NoRank,NoRank,NoRank,85,50,10,10,10,15,30,0x0,0x0,0x0,0x0,0x0,0x0,0x0,0x0,0x0,0x0,0x0
0x34 -,0x267,0x0,0x34,0x41,0x0,0x0,NoAffinity,0x0,0,0,0,0,0,0,0,0,0,NoRank,NoRank,NoRank,NoRank,NoRank,NoRank,NoRank,NoRank,85,50,10,10,10,15,30,0x0,0x0,0x0,0x0,0x0,0x0,0x0,0x0,0x0,0x0,0x0
0x35 -,0x267,0x0,0x35,0x41,0x0,0x0,NoAffinity,0x0,0,0,0,0,0,0,0,0,0,NoRank,NoRank,NoRank,NoRank,NoRank,NoRank,NoRank,NoRank,85,50,10,10,10,15,30,0x0,0x0,0x0,0x0,0x0,0x0,0x0,0x0,0x0,0x0,0x0
0x36 -,0x267,0x0,0x36,0x41,0x0,0x0,NoAffinity,0x0,0,0,0,0,0,0,0,0,0,NoRank,NoRank,NoRank,NoRank,NoRank,NoRank,NoRank,NoRank,85,50,10,10,10,15,30,0x0,0x0,0x0,0x0,0x0,0x0,0x0,0x0,0x0,0x0,0x0
0x37 -,0x267,0x0,0x37,0x41,0x0,0x0,NoAffinity,0x0,0,0,0,0,0,0,0,0,0,NoRank,NoRank,NoRank,NoRank,NoRank,NoRank,NoRank,NoRank,85,50,10,10,10,15,30,0x0,0x0,0x0,0x0,0x0,0x0,0x0,0x0,0x0,0x0,0x0
0x38 -,0x267,0x0,0x38,0x41,0x0,0x0,NoAffinity,0x0,0,0,0,0,0,0,0,0,0,NoRank,NoRank,NoRank,NoRank,NoRank,NoRank,NoRank,NoRank,85,50,10,10,10,15,30,0x0,0x0,0x0,0x0,0x0,0x0,0x0,0x0,0x0,0x0,0x0
0x39 -,0x267,0x0,0x39,0x41,0x0,0x0,NoAffinity,0x0,0,0,0,0,0,0,0,0,0,NoRank,NoRank,NoRank,NoRank,NoRank,NoRank,NoRank,NoRank,85,50,10,10,10,15,30,0x0,0x0,0x0,0x0,0x0,0x0,0x0,0x0,0x0,0x0,0x0
0x3A -,0x267,0x0,0x3a,0x41,0x0,0x0,NoAffinity,0x0,0,0,0,0,0,0,0,0,0,NoRank,NoRank,NoRank,NoRank,NoRank,NoRank,NoRank,NoRank,85,50,10,10,10,15,30,0x0,0x0,0x0,0x0,0x0,0x0,0x0,0x0,0x0,0x0,0x0
0x3B Lyon's Summon,0x2f1,0x33d,0x3b,0x7,0x0,0x7,DarkAffinity,0x25,1,0,3,2,3,0,0,20,0,NoRank,NoRank,CRank,NoRank,NoRank,NoRank,NoRank,NoRank,0,60,45,30,0,0,60,0x0,0x0,0x0,0x0,0x0,0x0,0x0,0x0,0x0,0x0,0x0
0x3C <Summon>,0x26d,0x32e,0x3c,0x31,0x0,0x0,NoAffinity,0x0,18,0,0,0,0,0,0,0,0,NoRank,NoRank,NoRank,NoRank,ERank,NoRank,NoRank,CRank,50,30,35,32,8,40,45,0x0,0x0,0x0,0x0,0x0,0x0,0x0,0x0,0x0,0x0,0x0
0x3D <'Summonern'>,0x26c,0x32e,0x3d,0x31,0x0,0x0,NoAffinity,0x0,9,0,0,0,0,0,0,0,0,NoRank,NoRank,NoRank,NoRank,ERank,NoRank,NoRank,CRank,50,30,35,32,8,40,45,0x0,0x0,0x0,0x0,0x0,0x0,0x0,0x0,0x0,0x0,0x0
0x3E Knoll's Summon,0x2f1,0x33d,0x3e,0x7,0x0,0x7,DarkAffinity,0x21,1,0,2,1,2,0,0,10,0,NoRank,NoRank,CRank,NoRank,NoRank,NoRank,NoRank,NoRank,0,50,50,40,0,0,55,0x0,0x0,0x0,0x0,0x0,0x0,0x0,0x0,0x0,0x0,0x0
0x3F Ewan's Summon,0x2f1,0x33d,0x3f,0x7,0x0,0x7,DarkAffinity,0x1a,1,0,1,2,1,0,0,0,0,NoRank,NoRank,CRank,NoRank,NoRank,NoRank,NoRank,NoRank,0,70,40,20,0,0,40,0x0,0x0,0x0,0x0,0x0,0x0,0x0,0x0,0x0,0x0,0x0
0x40 Lyon (Ch 17),0x234,0x28f,0x40,0x4f,0x4a,0x0,IceAffinity,0x0,14,26,13,9,6,14,11,4,0,NoRank,NoRank,NoRank,NoRank,ARank,NoRank,NoRank,SRank,85,50,55,55,45,55,30,0x0,0x0,0x0,0x0,0x0,IsBoss,0x0,0x0,0x0,0x0,0x0
0x41 Boro (Ch 1),BoroName,BoroDesc,0x41,0x3b,0x4e,0x1,WindAffinity,0x0,5,6,6,2,1,3,4,7,4,NoRank,ARank,NoRank,NoRank,NoRank,NoRank,NoRank,NoRank,55,30,25,25,20,5,15,0x0,0x0,0x0,0x0,0x0,IsBoss,0x0,0x0,0x0,0x0,0x0
0x42 Raschwitz (Ch 1),RaschwitzName,RaschwitzDesc,0x42,0x46,0x45,0x0,DarkAffinity,0x0,3,6,3,2,3,1,0,2,3,NoRank,NoRank,NoRank,CRank,NoRank,NoRank,NoRank,NoRank,80,55,45,40,45,0,25,0x0,0x0,0x0,0x0,0x0,IsBoss,0x0,0x0,0x0,0x0,0x0
0x43 Tyr (Ch 15),TyrName,TyrDesc,0x43,AxeArmor,0x46,0x0,FireAffinity,0x0,13,6,4,2,3,3,1,3,3,NoRank,NoRank,CRank,NoRank,NoRank,NoRank,NoRank,NoRank,80,40,55,50,20,20,15,0x0,0x0,0x0,0x0,0x0,IsBoss,0x0,0x0,0x0,0x0,0x0
0x44 Riggan,RigganName,RigganDesc,0x44,0x25,0x3f,0x0,ThunderAffinity,0x0,8,7,0,3,3,3,5,1,1,NoRank,NoRank,NoRank,NoRank,NoRank,BRank,NoRank,NoRank,65,5,35,55,5,35,20,0x0,0x0,0x0,0x0,0x0,IsBoss,0x0,0x0,0x0,0x0,0x0
0x45 Aurora,AuroraName,AuroraDesc,0x45,0x78,0x34,0x0,IceAffinity,0x0,5,10,1,1,6,1,4,5,0,NoRank,ARank,NoRank,NoRank,NoRank,NoRank,NoRank,NoRank,85,50,10,10,10,15,30,0x0,0x0,0x0,0x0,0x0,IsBoss,0x0,0x0,0x0,0x0,0x0
0x46 Breguet (Ch 1),0x239,0x294,0x46,0x9,0x31,0x0,ThunderAffinity,0x0,4,3,3,0,1,0,0,2,0,NoRank,CRank,NoRank,NoRank,NoRank,NoRank,NoRank,NoRank,85,50,10,10,10,15,30,0x0,0x0,0x0,0x0,0x0,IsBoss,0x0,0x0,0x0,0x0,0x0
Wrathgar (Ch 9),WrathgarName,WrathgarDesc,0x47,Warrior,0x32,0x0,IceAffinity,0x0,5,6,3,0,0,0,0,3,2,NoRank,NoRank,ARank,ARank,NoRank,NoRank,NoRank,NoRank,85,50,10,10,10,15,30,0x0,0x0,0x0,0x0,0x0,IsBoss,0x0,0x0,0x0,0x0,0x0
0x48 Cidor (Ch 10),CidorName,CidorDesc,0x48,General,0x2e,0x0,DarkAffinity,0x0,5,13,7,3,2,3,3,6,3,NoRank,NoRank,NoRank,NoRank,NoRank,ARank,ARank,ARank,85,50,10,10,10,15,30,0x0,0x0,0x0,0x0,0x0,IsBoss,0x0,0x0,0x0,0x0,0x0
0x49 Johanna (Ch 10),JohannaName,JohannaDesc,0x49,Dracoknight,0x33,0x4,DarkAffinity,0x0,3,8,3,3,3,2,1,5,1,NoRank,NoRank,ARank,NoRank,NoRank,NoRank,NoRank,NoRank,85,50,10,10,10,15,30,0x0,0x0,0x0,0x0,0x0,IsBoss,0x0,0x0,0x0,0x0,0x0
0x4A Elias (Ch10),EliasName,EliasDesc,0x4a,Dracoknight,0xb,0x0,AnimaAffinity,0x0,17,24,11,14,12,7,3,11,0,NoRank,NoRank,SRank,NoRank,NoRank,NoRank,NoRank,NoRank,85,50,10,10,10,15,30,0x0,0x0,0x0,0x0,0x0,IsBoss,0x0,0x0,0x0,0x0,0x0
0x4B Eitha (Ch 6),EithaName,EithaDesc,0x4b,Sniper,0x2d,0x0,FireAffinity,0x0,10,12,8,7,4,3,5,7,0,NoRank,NoRank,NoRank,NoRank,NoRank,NoRank,NoRank,CRank,85,50,10,10,10,15,30,0x0,0x0,0x0,0x0,0x0,IsBoss,0x0,0x0,0x0,0x0,0x0
0x4C Hamdi (Ch16),HamdiName,HamdiDesc,0x4c,Halberdier,0xD9,0x0,IceAffinity,0x0,7,13,5,5,4,3,3,2,4,NoRank,ARank,ARank,NoRank,NoRank,NoRank,NoRank,NoRank,85,50,10,10,10,15,30,0x0,0x0,0x0,0x0,0x0,IsBoss,0x0,0x0,0x0,0x0,0x0
0x4D Colossus (Ch16),ColossusName,ColossusDesc,0x4d,Warrior,0xDA,0x0,LightAffinity,0x0,20,40,8,5,9,9,12,5,7,NoRank,NoRank,ARank,NoRank,NoRank,NoRank,NoRank,NoRank,85,50,10,10,10,15,30,0x0,0x0,0x0,0x0,0x0,IsBoss,0x0,0x0,0x0,0x0,0x0
0x4E Binks (Ch 9A),0x240,0x29b,0x4e,0x40,0x39,0x0,DarkAffinity,0x0,5,14,8,5,2,7,8,3,0,NoRank,NoRank,BRank,CRank,NoRank,NoRank,NoRank,NoRank,85,50,10,10,10,15,30,0x0,0x0,0x0,0x0,0x0,IsBoss,0x0,0x0,0x0,0x0,0x0
0x4F Pablo (Ch 10A),0x241,0x29c,0x4f,0x27,0x3a,0x0,IceAffinity,0x0,7,16,8,5,8,2,12,9,0,NoRank,NoRank,NoRank,NoRank,CRank,BRank,CRank,NoRank,85,50,25,35,15,15,30,0x0,0x0,0x0,0x0,0x0,IsBoss,0x0,0x0,0x0,0x0,0x0
0x50 Maelduin (Ch 12A),0x255,0x2b1,0x50,0x5e,0x0,0x4,DarkAffinity,0x0,9,15,6,6,2,4,8,0,0,NoRank,NoRank,NoRank,NoRank,NoRank,NoRank,NoRank,NoRank,85,50,10,10,10,15,30,0x0,0x0,0x0,0x0,0x0,IsBoss,0x0,0x0,0x0,0x0,0x0
0x51 Aias (Ch 13A),0x242,0x29d,0x51,0x35,0x3b,0x0,AnimaAffinity,0x0,10,25,10,7,4,8,9,11,1,ARank,BRank,BRank,NoRank,NoRank,NoRank,NoRank,NoRank,85,50,35,35,25,15,30,0x0,0x0,0x0,0x0,0x0,IsBoss,0x0,0x0,0x0,0x0,0x0
0x52 Carlyle (Ch 14A),0x243,0x29e,0x52,0x15,0x3c,0x0,FireAffinity,0x0,11,20,6,6,8,4,8,8,0,ARank,NoRank,NoRank,NoRank,NoRank,NoRank,NoRank,NoRank,85,65,10,10,20,20,30,0x0,0x0,0x0,0x0,0x0,IsBoss,0x0,0x0,0x0,0x0,0x0
0x53 Caellach (Ch 15),0x244,0x29f,0x53,0x11,0x43,0x0,ThunderAffinity,0x0,12,25,13,5,3,7,11,14,2,ARank,NoRank,SRank,NoRank,NoRank,NoRank,NoRank,NoRank,85,50,45,45,30,20,20,0x0,0x0,0x0,0x0,0x0,IsBoss,0x0,0x0,0x0,0x0,0x0
0x54 Pablo (Ch 13A),0x241,0x29c,0x54,0x27,0x3a,0x0,IceAffinity,0x0,7,14,8,5,8,2,12,9,0,NoRank,NoRank,NoRank,NoRank,CRank,BRank,CRank,NoRank,85,50,10,10,10,15,30,0x0,0x0,0x0,0x0,0x0,0x0,0x0,0x0,0x0,0x0,0x0
0x55 -,0x267,0x0,0x55,0x41,0x0,0x3,NoAffinity,0x0,1,0,0,0,0,0,0,0,0,NoRank,NoRank,NoRank,NoRank,NoRank,NoRank,NoRank,NoRank,85,50,10,10,10,15,30,0x0,0x0,0x0,0x0,0x0,IsBoss,0x0,0x0,0x0,0x0,0x0
0x56 Gorgon (Ch 18),0x255,0x2b1,0x56,0x61,0x0,0x4,DarkAffinity,0x0,15,25,10,11,7,5,12,3,0,NoRank,NoRank,NoRank,NoRank,NoRank,NoRank,NoRank,ARank,85,65,20,40,15,40,30,0x0,0x0,0x0,0x0,0x0,IsBoss,0x0,0x0,0x0,0x0,0x0
0x57 Riev (Ch 19 & 20),0x246,0x2a0,0x57,0x2b,0x48,0x0,DarkAffinity,0x0,16,28,10,17,15,13,10,9,0,NoRank,NoRank,NoRank,NoRank,ARank,NoRank,SRank,NoRank,75,45,50,40,20,45,15,0x0,0x0,0x0,0x0,0x0,IsBoss,0x0,0x0,0x0,0x0,0x0
0x58 -,0x267,0x0,0x58,0x41,0x0,0x3,NoAffinity,0x0,1,0,0,0,0,0,0,0,0,NoRank,NoRank,NoRank,NoRank,NoRank,NoRank,NoRank,NoRank,85,50,10,10,10,15,30,0x0,0x0,0x0,0x0,0x0,IsBoss,0x0,0x0,0x0,0x0,0x0
0x59 -,0x267,0x0,0x59,0x41,0x0,0x3,NoAffinity,0x0,1,0,0,0,0,0,0,0,0,NoRank,NoRank,NoRank,NoRank,NoRank,NoRank,NoRank,NoRank,85,50,10,10,10,15,30,0x0,0x0,0x0,0x0,0x0,IsBoss,0x0,0x0,0x0,0x0,0x0
0x5A Gheb (Ch 9B),0x247,0x2a1,0x5a,0x40,0x3d,0x0,ThunderAffinity,0x0,5,17,10,3,0,8,5,1,3,NoRank,NoRank,ARank,DRank,NoRank,NoRank,NoRank,NoRank,85,50,10,10,10,15,30,0x0,0x0,0x0,0x0,0x0,IsBoss,0x0,0x0,0x0,0x0,0x0
0x5B Beran (Ch 10B),0x248,0x2a2,0x5b,0x1d,0x3e,0x0,IceAffinity,0x0,7,22,8,7,7,8,9,6,0,BRank,NoRank,NoRank,ARank,NoRank,NoRank,NoRank,NoRank,85,50,35,35,25,15,30,0x0,0x0,0x0,0x0,0x0,IsBoss,0x0,0x0,0x0,0x0,0x0
0x5C Cyclops (Ch 12B),0x255,0x2b1,0x5c,0x5a,0x0,0x4,DarkAffinity,0x0,9,18,7,3,3,2,10,0,0,NoRank,NoRank,NoRank,NoRank,NoRank,NoRank,NoRank,NoRank,85,50,35,35,25,15,30,0x0,0x0,0x0,0x0,0x0,IsBoss,0x0,0x0,0x0,0x0,0x0
0x5D Wight (Ch 11A),0x255,0x2b1,0x5d,0x56,0x0,0x4,DarkAffinity,0x0,8,15,5,10,7,4,7,1,0,NoRank,NoRank,NoRank,NoRank,NoRank,NoRank,NoRank,NoRank,85,50,10,10,10,15,30,0x0,0x0,0x0,0x0,0x0,IsBoss,0x0,0x0,0x0,0x0,0x0
0x5E Deathgoyle (Ch 11B),0x255,0x2b1,0x5e,0x64,0x0,0x4,DarkAffinity,0x0,8,14,5,9,6,4,4,0,0,NoRank,NoRank,NoRank,NoRank,NoRank,NoRank,NoRank,NoRank,85,50,10,10,10,15,30,0x0,0x0,0x0,0x0,0x0,IsBoss,0x0,0x0,0x0,0x0,0x0
0x5F Entombed (Monster Boss),0x255,0x2b1,0x5f,0x53,0x0,0x4,DarkAffinity,0x0,1,7,2,2,1,2,2,1,0,NoRank,NoRank,NoRank,NoRank,NoRank,NoRank,NoRank,NoRank,85,50,35,35,15,15,30,0x0,0x0,0x0,0x0,0x0,IsBoss,0x0,0x0,0x0,0x0,0x0
0x60 -,0x267,0x0,0x60,0x41,0x0,0x3,NoAffinity,0x0,1,0,0,0,0,0,0,0,0,NoRank,NoRank,NoRank,NoRank,NoRank,NoRank,NoRank,NoRank,85,50,10,10,10,15,30,0x0,0x0,0x0,0x0,0x0,IsBoss,0x0,0x0,0x0,0x0,0x0
0x61 -,0x267,0x0,0x61,0x41,0x0,0x3,NoAffinity,0x0,1,0,0,0,0,0,0,0,0,NoRank,NoRank,NoRank,NoRank,NoRank,NoRank,NoRank,NoRank,85,50,10,10,10,15,30,0x0,0x0,0x0,0x0,0x0,IsBoss,0x0,0x0,0x0,0x0,0x0
0x62 -,0x267,0x0,0x62,0x41,0x0,0x3,NoAffinity,0x0,1,0,0,0,0,0,0,0,0,NoRank,NoRank,NoRank,NoRank,NoRank,NoRank,NoRank,NoRank,85,50,10,10,10,15,30,0x0,0x0,0x0,0x0,0x0,IsBoss,0x0,0x0,0x0,0x0,0x0
0x63 -,0x267,0x0,0x63,0x41,0x0,0x3,NoAffinity,0x0,1,0,0,0,0,0,0,0,0,NoRank,NoRank,NoRank,NoRank,NoRank,NoRank,NoRank,NoRank,85,50,10,10,10,15,30,0x0,0x0,0x0,0x0,0x0,IsBoss,0x0,0x0,0x0,0x0,0x0
0x64 Hunter,0x250,0x2ac,0x64,0xd,0x0,0x6,NoAffinity,0x0,1,0,0,0,0,0,0,0,0,NoRank,NoRank,NoRank,NoRank,NoRank,NoRank,NoRank,NoRank,85,50,10,10,10,15,30,0x0,0x0,0x0,0x0,0x0,0x0,0x0,0x0,0x0,0x0,0x0
0x65 Kwame,KwameName,KwameDesc,0x65,Civilian_2,0x57,0x0,NoAffinity,0x0,1,10,3,2,4,2,1,1,4,NoRank,NoRank,NoRank,NoRank,NoRank,NoRank,NoRank,NoRank,100,100,100,100,100,100,100,0x0,0x0,0x0,0x0,0x0,0x0,0x0,0x0,0x0,0x0,0x0
0x66 Trajan,TrajanName,TrajanDesc,0x66,Hero,0x17,0x0,ThunderAffinity,0x0,1,6,4,2,4,2,2,6,0,CRank,NoRank,ARank,NoRank,NoRank,NoRank,NoRank,NoRank,60,25,20,25,15,1,30,0x0,0x0,0x0,0x0,0x0,0x0,0x0,0x0,0x0,0x0,0x0
0x67 Bandit (Unused?),0x24f,0x2ad,0x67,0x41,0x4d,0x6,NoAffinity,0x0,1,0,0,0,0,0,0,0,0,NoRank,NoRank,NoRank,NoRank,NoRank,NoRank,NoRank,NoRank,60,20,30,35,15,15,25,0x0,0x0,0x0,0x0,0x0,0x0,0x0,0x0,0x0,0x0,0x0
0x68 Emory,EmoryName,EmoryDesc,0x68,SwordKnight_Dismounted,0x30,0x0,AnimaAffinity,0x0,7,8,5,4,4,6,0,6,6,BRank,NoRank,NoRank,NoRank,NoRank,NoRank,NoRank,NoRank,85,50,10,10,10,15,30,0x0,0x0,0x0,0x0,0x0,IsBoss,0x0,0x0,0x0,0x0,0x0
0x69 Hilmar,HilName,HilDesc,0x69,LanceArmor,0x4b,0x0,ThunderAffinity,0x0,8,3,3,3,2,1,2,2,2,NoRank,CRank,NoRank,NoRank,NoRank,NoRank,NoRank,NoRank,85,50,10,10,10,15,30,0x0,0x0,0x0,0x0,0x0,IsBoss,0x0,0x0,0x0,0x0,0x0
0x6A Zonta (Ch 5x),0x24b,0x2a5,0x6a,0xf,0x35,0x0,LightAffinity,0x0,8,7,5,0,1,2,6,4,0,CRank,NoRank,NoRank,NoRank,NoRank,NoRank,NoRank,NoRank,85,50,10,10,10,15,30,0x0,0x0,0x0,0x0,0x0,IsBoss,0x0,0x0,0x0,0x0,0x0
0x6B Vigarde (Ch 14B),0x24c,0x2a6,0x6b,0xb,0x40,0x0,AnimaAffinity,0x0,13,31,13,10,8,7,9,9,2,ARank,SRank,ARank,NoRank,NoRank,NoRank,NoRank,NoRank,85,50,10,10,10,15,30,0x0,0x0,0x0,0x0,0x0,IsBoss,0x0,0x0,0x0,0x0,0x0
0x6C Lyon (Ch Final),0x234,0x2a7,0x6c,0x4f,0x4a,0x0,IceAffinity,0x0,18,55,20,15,10,23,21,9,0,NoRank,NoRank,NoRank,NoRank,ARank,NoRank,NoRank,SRank,60,20,30,35,15,15,25,0x0,0x0,0x0,0x0,0x0,IsBoss,0x0,0x0,0x0,0x0,0x0
0x6D Orson (Ch 16),0x236,0x2a8,0x6d,0x7,0x44,0x0,DarkAffinity,0x0,13,25,11,11,7,6,8,6,1,ARank,ARank,NoRank,NoRank,NoRank,NoRank,NoRank,NoRank,60,20,30,35,15,15,25,0x0,0x0,0x0,0x0,0x0,IsBoss,0x0,0x0,0x0,0x0,0x0
0x6E Selese,SeleseFactionName,SeleseFactionDesc,0x6e,0x41,0x0,0x3,NoAffinity,0x0,0,0,0,0,0,0,0,3,0,NoRank,NoRank,NoRank,NoRank,NoRank,NoRank,NoRank,NoRank,60,20,30,35,15,15,25,0x0,0x0,0x0,0x0,0x0,0x0,0x0,0x0,0x0,0x0,0x0
0x6F Senny,SennyName,SennyDesc,0x6f,0x41,0x0,0x0,NoAffinity,0x0,0,0,0,0,0,0,0,0,0,NoRank,NoRank,NoRank,NoRank,NoRank,NoRank,NoRank,NoRank,60,20,30,35,15,15,25,0x0,0x0,0x0,0x0,0x0,0x0,0x0,0x0,0x0,0x0,0x0
0x70 Helman,HelmanName,HelmanDesc,0x70,0x41,0x0,0x0,NoAffinity,0x0,0,0,0,0,0,0,0,0,0,NoRank,NoRank,NoRank,NoRank,NoRank,NoRank,NoRank,NoRank,60,20,30,35,15,15,25,0x0,0x0,0x0,0x0,0x0,0x0,0x0,0x0,0x0,0x0,0x0
0x71 Dragana,DraganaName,DraganaDesc,0x71,0x41,0x2d,0x0,WindAffinity,0x0,0,8,6,6,0,3,0,0,1,NoRank,NoRank,NoRank,ARank,NoRank,NoRank,NoRank,NoRank,60,20,30,35,15,15,25,0x0,0x0,0x0,0x0,0x0,0x0,0x0,0x0,0x0,0x0,0x0
0x72 Hernandez,HernandezName,HernandezDesc,0x72,0x41,0x47,0x0,DarkAffinity,0x0,0,0,0,0,0,0,0,10,4,NoRank,NoRank,CRank,NoRank,NoRank,NoRank,NoRank,NoRank,60,20,30,35,15,15,25,0x0,0x0,0x0,0x0,0x0,0x0,0x0,0x0,0x0,0x0,0x0
0x73 - Selese,SeleseFactionName,SeleseFactionDesc,0x73,0x41,0x0,0x0,NoAffinity,0x0,0,0,0,0,0,0,0,0,0,NoRank,NoRank,NoRank,NoRank,NoRank,NoRank,NoRank,NoRank,60,20,30,35,15,15,25,0x0,0x0,0x0,0x0,0x0,0x0,0x0,0x0,0x0,0x0,0x0
0x74 Veid,VeidName,VeidDesc,0x74,DarkBishop,0x4f,0x3,DarkAffinity,0x0,15,22,4,6,4,20,20,15,6,NoRank,NoRank,NoRank,NoRank,SRank,NoRank,NoRank,SRank,60,20,30,35,15,15,25,0x0,0x0,0x0,0x0,0x0,GiveNoExp,0x0,0x0,0x0,0x0,0x0
0x75 Barod,BarodName,BarodDesc,0x75,Warrior,0x48,0x3,NoAffinity,0x0,20,51,20,20,20,20,20,20,10,NoRank,NoRank,SRank,SRank,NoRank,NoRank,NoRank,NoRank,60,20,30,35,15,15,25,0x0,0x0,0x0,0x0,0x0,GiveNoExp,0x0,0x0,0x0,0x0,0x0
0x76 McCallum,McCallumName,McCallumDesc,0x76,Berserker,0x49,0x3,WindAffinity,0x0,1,16,0,(-3),0,2,0,3,7,NoRank,NoRank,SRank,NoRank,NoRank,NoRank,NoRank,NoRank,60,20,30,35,15,15,25,0x0,0x0,0x0,0x0,0x0,0x0,0x0,0x0,0x0,0x0,0x0
0x77 Gladiator,GladiatorName,GladiatorDesc,0x77,0x0,0x0,0x3,NoAffinity,0x0,1,8,1,3,1,0,1,1,3,NoRank,NoRank,NoRank,NoRank,NoRank,NoRank,NoRank,NoRank,60,20,30,35,15,15,25,0x0,0x0,0x0,0x0,0x0,GiveNoExp,0x0,0x0,0x0,0x0,0x0
0x78 Zeus,ZeusName,ZeusDesc,0x78,Baron,0x4A,0x0,ThunderAffinity,0x0,10,13,20,20,0,20,20,0,9,SRank,SRank,SRank,SRank,SRank,SRank,SRank,SRank,60,20,30,35,15,15,25,0x0,0x0,0x0,0x0,0x0,GiveNoExp,0x0,0x0,0x0,0x0,0x0
0x79 ArenaSpectator,ArenaSpectatorName,CivilianDesc,0x79,0x71,0,0x3,NoAffinity,0x0,1,1,0,0,0,0,0,0,0,NoRank,NoRank,NoRank,NoRank,NoRank,NoRank,NoRank,NoRank,60,20,30,35,15,15,25,0x0,0x0,0x0,0x0,0x0,GiveNoExp,0x0,0x0,0x0,0x0,0x0
0x7A Civilian1,CivilianName,CivilianDesc,0x7A,0x71,0,0x3,NoAffinity,0x0,1,1,0,0,0,0,0,0,0,NoRank,NoRank,NoRank,NoRank,NoRank,NoRank,NoRank,NoRank,60,20,30,35,15,15,25,0x0,0x0,0x0,0x0,0x0,GiveNoExp,0x0,0x0,0x0,0x0,0x0
0x7B Civilian2,CivilianName,CivilianDesc,0x7B,0x71,0,0x3,NoAffinity,0x0,1,1,0,0,0,0,0,0,0,NoRank,NoRank,NoRank,NoRank,NoRank,NoRank,NoRank,NoRank,60,20,30,35,15,15,25,0x0,0x0,0x0,0x0,0x0,GiveNoExp,0x0,0x0,0x0,0x0,0x0
0x7C Loan Shark,LoanSharkName,LoanSharkDesc,0x7C,0x71,0,0x3,NoAffinity,0x0,1,1,0,0,0,0,0,0,0,NoRank,NoRank,NoRank,NoRank,NoRank,NoRank,NoRank,NoRank,60,20,30,35,15,15,25,0x0,0x0,0x0,0x0,0x0,0x0,0x0,0x0,0x0,0x0,0x0
0x7D Ch6Pirate,Ch6PirateName,Ch6PirateDesc,0x7D,Pirate,0,0x3,NoAffinity,0x0,1,1,1,1,0,0,0,3,1,NoRank,NoRank,NoRank,NoRank,NoRank,NoRank,NoRank,NoRank,60,20,30,35,15,15,25,0x0,0x0,0x0,0x0,0x0,0x0,0x0,0x0,0x0,0x0,0x0
0x7E Draken,DrakenName,DrakenDesc,0x7E,Pirate,0x50,0x0,NoAffinity,0x0,10,8,5,4,3,3,3,1,6,NoRank,NoRank,BRank,NoRank,NoRank,NoRank,NoRank,NoRank,60,20,30,35,15,15,25,0x0,0x0,0x0,0x0,0x0,IsBoss,0x0,0x0,0x0,0x0,0x0
0x7F GladiatorMage,GladiatorName,GladiatorDesc,0x7F,Mage_F,0,0x3,NoAffinity,0x0,1,4,2,2,2,0,2,1,3,NoRank,NoRank,NoRank,NoRank,NoRank,NoRank,NoRank,NoRank,60,20,30,35,15,15,25,0x0,0x0,0x0,0x0,0x0,GiveNoExp,0x0,0x0,0x0,0x0,0x0
0x80 Fisherman,FishermanName,FishermanDesc,0x80,0x71,0,0x3,NoAffinity,0x0,1,1,0,0,0,0,0,0,0,NoRank,NoRank,NoRank,NoRank,NoRank,NoRank,NoRank,NoRank,60,20,30,35,15,15,25,0x0,0x0,0x0,0x0,0x0,0x0,0x0,0x0,0x0,0x0,0x0
0x81 Gambler,GamblerName,GamblerDesc,0x81,0x71,0,0x3,NoAffinity,0x0,1,1,0,0,0,0,0,0,0,NoRank,NoRank,NoRank,NoRank,NoRank,NoRank,NoRank,NoRank,60,20,30,35,15,15,25,0x0,0x0,0x0,0x0,0x0,0x0,0x0,0x0,0x0,0x0,0x0
0x82 Miltia,MilitiaFactionName,MilitiaFactionDesc,0x82,0x3f,0x0,0x3,NoAffinity,0x0,1,0,0,0,0,0,0,0,0,NoRank,NoRank,NoRank,NoRank,NoRank,NoRank,NoRank,NoRank,60,20,30,35,15,15,25,0x0,0x0,0x0,0x0,0x0,0x0,0x0,0x0,0x0,0x0,0x0
0x83 Yor,YorName,YorDesc,0x83,0x4e,0x28,0x0,LightAffinity,0x0,1,15,4,4,1,1,0,4,0,NoRank,ARank,NoRank,NoRank,NoRank,NoRank,NoRank,NoRank,60,20,30,35,15,15,25,0x0,0x0,0x0,0x0,0x0,IsBoss,0x0,0x0,0x0,0x0,0x0
0x84 Radnitz,RadnitzName,RadnitzDesc,0x84,0x9,0x12,0x0,FireAffinity,0x0,1,10,6,6,4,5,0,4,2,NoRank,ARank,NoRank,NoRank,NoRank,NoRank,NoRank,NoRank,60,45,35,35,30,5,35,0x0,0x0,0x0,0x0,0x0,0x0,0x0,0x0,0x0,0x0,0x0
0x85 Mifan,MifanName,MifanDesc,0x85,0x5,0x03,0x0,DarkAffinity,0x0,2,2,0,2,6,1,1,7,(-1),ARank,NoRank,NoRank,NoRank,NoRank,NoRank,NoRank,NoRank,60,60,60,80,20,20,40,0x0,0x0,0x0,0x0,0x0,IsBoss,0x0,0x0,0x0,0x0,0x0
0x86 Wellworth,WellworthName,WellworthDesc,0x86,0x13,0x27,0x0,ThunderAffinity,0x0,1,10,0,3,0,2,0,3,0,BRank,NoRank,NoRank,NoRank,NoRank,NoRank,NoRank,NoRank,60,20,30,35,15,15,25,0x0,0x0,0x0,0x0,0x0,IsBoss,0x0,0x0,0x0,0x0,0x0
0x87 Epony,EponyName,EponyDesc,0x87,0xf,0x1f,0x0,AnimaAffinity,0x0,1,5,3,3,4,2,1,3,0,CRank,NoRank,NoRank,NoRank,NoRank,NoRank,NoRank,NoRank,70,35,35,40,25,10,40,0x0,0x0,0x0,0x0,0x0,0x0,0x0,0x0,0x0,0x0,0x0
0x88 Freyse,FreyseFactionName,FreyseFactionDesc,0x88,0xd,0x0,0x3,NoAffinity,0x0,1,0,0,0,0,0,0,0,0,NoRank,NoRank,NoRank,NoRank,NoRank,NoRank,NoRank,NoRank,60,20,30,35,15,15,25,0x0,0x0,0x0,0x0,0x0,0x0,0x0,0x0,0x0,0x0,0x0
0x89 Cythes,CythesFactionName,CythesFactionDesc,0x89,0x25,0x0,0x3,NoAffinity,0x0,1,0,0,0,0,0,0,5,0,NoRank,NoRank,NoRank,NoRank,NoRank,NoRank,NoRank,NoRank,60,20,30,35,15,15,25,0x0,0x0,0x0,0x0,0x0,0x0,0x0,0x0,0x0,0x0,0x0
0x8A Hamdiâ€™s,HamdiForceName,HamdiForceDesc,0x8a,0x44,0x0,0x3,NoAffinity,0x0,1,0,0,0,0,0,0,0,0,NoRank,NoRank,NoRank,NoRank,NoRank,NoRank,NoRank,NoRank,60,20,30,35,15,15,25,0x0,0x0,0x0,0x0,0x0,0x0,0x0,0x0,0x0,0x0,0x0
0x8B Grado (Duessel's),0x24d,0x2a9,0x8b,0x2d,0x0,0x3,NoAffinity,0x0,1,0,0,0,0,0,0,0,0,NoRank,NoRank,NoRank,NoRank,NoRank,NoRank,NoRank,NoRank,60,20,30,35,15,15,25,0x0,0x0,0x0,0x0,0x0,0x0,0x0,0x0,0x0,0x0,0x0
0x8C Grado,0x24d,0x2a9,0x8c,0x4b,0x0,0x3,NoAffinity,0x0,1,0,0,0,0,0,0,0,0,NoRank,NoRank,NoRank,NoRank,NoRank,NoRank,NoRank,NoRank,60,20,30,35,15,15,25,0x0,0x0,0x0,0x0,0x0,IsFemale,0x0,0x0,0x0,0x0,0x0
0x8D Grado Remnant (Main),0x24e,0x2aa,0x8d,0x9,0x0,0x3,NoAffinity,0x0,1,0,0,0,0,0,0,0,0,NoRank,NoRank,NoRank,NoRank,NoRank,NoRank,NoRank,NoRank,60,20,30,35,15,15,25,0x0,0x0,0x0,0x0,0x0,0x0,0x0,0x0,0x0,0x0,0x0
0x8E Cutthroat,0x254,0x2ae,0x8e,0x41,0x0,0x6,NoAffinity,0x0,1,0,0,0,0,0,0,0,0,NoRank,NoRank,NoRank,NoRank,NoRank,NoRank,NoRank,NoRank,60,20,30,35,15,15,25,0x0,0x0,0x0,0x0,0x0,0x0,0x0,0x0,0x0,0x0,0x0
0x8F Grado Remnant (Cutscene/C16),0x24e,0x2aa,0x8f,0x5,0x0,0x3,NoAffinity,0x0,1,0,0,0,0,0,0,0,0,NoRank,NoRank,NoRank,NoRank,NoRank,NoRank,NoRank,NoRank,60,20,30,35,15,15,25,0x0,0x0,0x0,0x0,0x0,0x0,0x0,0x0,0x0,0x0,0x0
0x90 MiraCopy,MiraName,MiraDesc,0x90,ThiefFighter_F,0x4,0x0,IceAffinity,0x3,1,6,0,3,3,2,0,7,0,BRank,NoRank,NoRank,NoRank,NoRank,NoRank,NoRank,NoRank,40,15,25,25,10,5,25,0x0,0x0,0x0,0x0,0x0,IsFemale,0x0,0x0,0x0,0x0,0x0
0x91 IskraCopy,IskraName,IskraDesc,0x91,Mage_F,0x5,0x0,DarkAffinity,0x7,1,2,3,3,0,0,0,6,1,NoRank,NoRank,NoRank,NoRank,NoRank,DRank,NoRank,NoRank,50,30,40,35,10,30,30,0x0,0x0,0x0,0x0,0x0,IsFemale,0x0,0x0,0x0,0x0,0x0
0x92 VargaCopy,VargaName,VargaDesc,0x92,SwordArmor,0x9,0x0,WindAffinity,0xa,4,6,1,3,1,2,0,5,2,DRank,NoRank,NoRank,NoRank,NoRank,NoRank,NoRank,NoRank,75,40,30,30,30,1,35,0x0,0x0,0x0,0x0,0x0,0x0,0x0,0x0,0x0,0x0,0x0
0x93 Wraith (Swords),0x267,0x0,0x93,0x41,0x0,0x3,NoAffinity,0x0,0,0,0,0,0,0,0,0,0,NoRank,NoRank,NoRank,NoRank,NoRank,NoRank,NoRank,NoRank,0,0,0,0,0,0,0,0x0,0x0,0x0,0x0,0x0,0x0,0x0,0x0,0x0,0x0,0x0
0x94 Wraith (Axes),0x267,0x0,0x94,0x41,0x0,0x3,NoAffinity,0x0,0,0,0,0,0,0,0,0,0,NoRank,NoRank,NoRank,NoRank,NoRank,NoRank,NoRank,NoRank,0,0,0,0,0,0,0,0x0,0x0,0x0,0x0,0x0,0x0,0x0,0x0,0x0,0x0,0x0
0x95 The Giant,TheGiantName,TheGiantDesc,0x95,0x41,0x41,0x0,LightAffinity,0x0,0,32,0,0,0,0,0,0,0,NoRank,NoRank,ARank,NoRank,NoRank,NoRank,NoRank,NoRank,0,0,0,0,0,0,0,0x0,0x0,0x0,0x0,0x0,IsBoss,0x0,0x0,0x0,0x0,0x0
0x96 Hege,HegeName,HegeDesc,0x96,0x12,0xBF,0x0,WindAffinity,0x0,3,8,3,4,1,1,1,3,0,ARank,NoRank,BRank,NoRank,NoRank,NoRank,NoRank,NoRank,0,0,0,0,0,0,0,0x0,0x0,0x0,0x0,0x0,IsFemale|IsBoss,0x0,0x0,0x0,0x0,0x0
0x97 Francis,FrancisName,FrancisDesc,0x97,0x78,0x31,0x0,FireAffinity,0x0,8,16,8,4,5,6,6,5,2,NoRank,ARank,ARank,NoRank,NoRank,NoRank,NoRank,NoRank,0,0,0,0,0,0,0,0x0,0x0,0x0,0x0,0x0,IsBoss,0x0,0x0,0x0,0x0,0x0
0x98 Selese (Provoke),SeleseFactionName,SeleseFactionDesc,0x98,0x41,0x0,0x3,NoAffinity,0x0,0,0,0,0,0,0,0,0,0,NoRank,NoRank,NoRank,NoRank,NoRank,NoRank,NoRank,NoRank,0,0,0,0,0,0,0,0x0,0x0,0x0,0x0,0x0,0x0,0x0,0x0,0x0,0x0,0x0
0x99 Bandit,BanditFactionName,BanditFactionDesc,0x99,0x41,0x0,0x3,NoAffinity,0x0,0,0,0,0,0,0,0,0,0,NoRank,NoRank,NoRank,NoRank,NoRank,NoRank,NoRank,NoRank,0,0,0,0,0,0,0,0x0,0x0,0x0,0x0,0x0,0x0,0x0,0x0,0x0,0x0,0x0
0x9A -,0x267,0x0,0x9f,0x41,0x0,0x3,NoAffinity,0x0,0,0,0,0,0,0,0,0,0,NoRank,NoRank,NoRank,NoRank,NoRank,NoRank,NoRank,NoRank,0,0,0,0,0,0,0,0x0,0x0,0x0,0x0,0x0,0x0,0x0,0x0,0x0,0x0,0x0
0x9B Corundum,CorundumName,CorundumDesc,0x9b,0x7B,0xC8,0x0,IceAffinity,0x0,0,56,14,(-8),(-9),(-5),(-1),0,12,NoRank,ARank,NoRank,NoRank,NoRank,NoRank,NoRank,NoRank,0,0,0,0,0,0,0,0x0,0x0,0x0,0x0,0x0,IsBoss,0x0,0x0,0x0,0x0,0x0
0x9C Pascal,PascalName,PascalDesc,0x9c,0x33,0xCA,0x0,NoAffinity,0x0,0,12,2,5,4,4,4,3,0,BRank,NoRank,NoRank,NoRank,NoRank,NoRank,NoRank,NoRank,0,0,0,0,0,0,0,0x0,0x0,0x0,0x0,0x0,IsBoss,0x0,0x0,0x0,0x0,0x0
0x9D Kailani,KailaniName,KailaniDesc,0x9d,0x2C,0xC9,0x0,LightAffinity,0x0,20,7,0,4,4,2,8,15,1,NoRank,NoRank,NoRank,NoRank,SRank,NoRank,DRank,NoRank,30,0,15,15,5,70,90,0x0,0x0,0x0,0x0,0x0,IsFemale,0x0,0x0,0x0,0x0,0x0
0x9E Veniamin,VeniaminName,VeniaminDesc,0x9a,0xA,0xC7,0x0,NoAffinity,0x0,5,12,4,5,5,3,4,5,2,ARank,NoRank,NoRank,NoRank,NoRank,NoRank,NoRank,NoRank,0,0,0,0,0,0,0,0x0,0x0,0x0,0x0,0x0,IsBoss,0x0,0x0,0x0,0x0,0x0
0x9F Tsoureki,TsourekiName,TsourekiDesc,0x9f,General,0xCD,0x0,WindAffinity,0x0,6,18,6,1,6,4,5,0,5,ARank,ARank,ARank,ARank,NoRank,NoRank,NoRank,NoRank,0,0,0,0,0,0,0,0x0,0x0,0x0,0x0,0x0,IsBoss,0x0,0x0,0x0,0x0,0x0
0xA0 -,0x267,0x0,0xa0,0x41,0x0,0x3,NoAffinity,0x0,0,0,0,0,0,0,0,0,0,NoRank,NoRank,NoRank,NoRank,NoRank,NoRank,NoRank,NoRank,0,0,0,0,0,0,0,0x0,0x0,0x0,0x0,0x0,0x0,0x0,0x0,0x0,0x0,0x0
0xA1 Mahemen,MahemenName,MahemenDesc,0xa1,0x41,0x0,0x3,NoAffinity,0x0,0,0,0,0,0,0,0,0,0,NoRank,NoRank,NoRank,NoRank,NoRank,NoRank,NoRank,NoRank,60,20,30,35,15,15,25,0x0,0x0,0x0,0x0,0x0,0x0,0x0,0x0,0x0,0x0,0x0
0xA2 Reinforcement (Chapter 3),SeleseFactionName,SeleseFactionDesc,0x9a,0x41,0x0,0x3,NoAffinity,0x0,0,5,3,3,3,2,0,5,2,NoRank,NoRank,NoRank,NoRank,NoRank,NoRank,NoRank,NoRank,0,0,0,0,0,0,0,0x0,0x0,0x0,0x0,0x0,0x0,0x0,0x0,0x0,0x0,0x0
0xA3 Looter,LooterName,LooterDesc,0xa3,0x41,0x0,0x3,NoAffinity,0x0,0,0,0,0,0,0,0,0,0,NoRank,NoRank,NoRank,NoRank,NoRank,NoRank,NoRank,NoRank,0,0,0,0,0,0,0,0x0,0x0,0x0,0x0,0x0,0x0,0x0,0x0,0x0,0x0,0x0
0xA4 Traveler,TravelerName,TravelerDesc,0xa4,0x41,0xd4,0x0,NoAffinity,0x0,20,20,9,16,20,8,13,20,6,ARank,NoRank,NoRank,ARank,ARank,NoRank,ARank,NoRank,100,80,80,80,40,60,80,0x0,0x0,0x0,0x0,0x0,IsFemale,0x0,0x0,0x0,0x0,0x0
0xA5 Coralia,CoraliaName,CoraliaDesc,0xa5,Cleric,0xD,0x0,LightAffinity,0x2f,10,5,3,4,5,3,4,8,0,BRank,NoRank,NoRank,NoRank,NoRank,NoRank,NoRank,NoRank,40,10,60,60,20,40,50,0x0,0x0,0x0,0x0,0x0,IsFemale,0x0,0x0,0x0,0x0,0x0
0xA6 Catrin,CatrinName,0x2ab,0xa6,Swordmaster_F,0xD,0x0,LightAffinity,0x0,1,7,5,5,5,2,5,8,0,SRank,NoRank,NoRank,NoRank,NoRank,NoRank,NoRank,NoRank,0,0,0,0,0,0,0,0x0,0x0,0x0,0x0,0x0,IsFemale,0x0,0x0,0x0,0x0,0x0
0xA7 Kassandra,KassandraName,0x2ab,0xa7,Falcoknight,0xD,0x0,LightAffinity,0x0,10,13,8,9,9,5,2,8,4,NoRank,ARank,NoRank,NoRank,NoRank,NoRank,NoRank,NoRank,60,20,30,35,15,15,25,0x0,0x0,0x0,0x0,0x0,IsFemale,0x0,0x0,0x0,0x0,0x0
0xA8 Mercenary (Ch 10A),0x251,0x2af,0xa8,0xf,0x0,0x6,NoAffinity,0x0,1,0,0,0,0,0,0,0,0,NoRank,NoRank,NoRank,NoRank,NoRank,NoRank,NoRank,NoRank,60,20,30,35,15,15,25,0x0,0x0,0x0,0x0,0x0,0x0,0x0,0x0,0x0,0x0,0x0
0xA9 Remnant/Merc (Ch 13A),0x252,0x2b0,0xa9,0xf,0x0,0x6,NoAffinity,0x0,1,0,0,0,0,0,0,0,0,NoRank,NoRank,NoRank,NoRank,NoRank,NoRank,NoRank,NoRank,60,20,30,35,15,15,25,0x0,0x0,0x0,0x0,0x0,0x0,0x0,0x0,0x0,0x0,0x0
0xAA Monster,0x255,0x2b1,0xaa,0x52,0x0,0x4,DarkAffinity,0x0,1,0,0,0,0,0,0,0,0,NoRank,NoRank,NoRank,NoRank,NoRank,NoRank,NoRank,NoRank,60,20,30,35,15,15,25,0x0,0x0,0x0,0x0,0x0,0x0,0x0,0x0,0x0,0x0,0x0
0xAB Monster,0x255,0x2b1,0xab,0x53,0x0,0x4,DarkAffinity,0x0,1,0,0,0,0,0,0,0,0,NoRank,NoRank,NoRank,NoRank,NoRank,NoRank,NoRank,NoRank,60,20,30,35,15,15,25,0x0,0x0,0x0,0x0,0x0,0x0,0x0,0x0,0x0,0x0,0x0
0xAC Monster,0x255,0x2b1,0xac,0x54,0x0,0x4,DarkAffinity,0x0,1,0,0,0,0,0,0,0,0,NoRank,NoRank,NoRank,NoRank,NoRank,NoRank,NoRank,NoRank,60,20,30,35,15,15,25,0x0,0x0,0x0,0x0,0x0,0x0,0x0,0x0,0x0,0x0,0x0
0xAD Monster,0x255,0x2b1,0xad,0x55,0x0,0x4,DarkAffinity,0x0,1,0,0,0,0,0,0,0,0,NoRank,NoRank,NoRank,NoRank,NoRank,NoRank,NoRank,NoRank,60,20,30,35,15,15,25,0x0,0x0,0x0,0x0,0x0,0x0,0x0,0x0,0x0,0x0,0x0
0xAE Monster,0x255,0x2b1,0xae,0x56,0x0,0x4,DarkAffinity,0x0,1,0,0,0,0,0,0,0,0,NoRank,NoRank,NoRank,NoRank,NoRank,NoRank,NoRank,NoRank,60,20,30,35,15,15,25,0x0,0x0,0x0,0x0,0x0,0x0,0x0,0x0,0x0,0x0,0x0
0xAF Monster,0x255,0x2b1,0xaf,0x57,0x0,0x4,DarkAffinity,0x0,1,0,0,0,0,0,0,0,0,NoRank,NoRank,NoRank,NoRank,NoRank,NoRank,NoRank,NoRank,60,20,30,35,15,15,25,0x0,0x0,0x0,0x0,0x0,0x0,0x0,0x0,0x0,0x0,0x0
0xB0 Monster,0x255,0x2b1,0xb0,0x58,0x0,0x4,DarkAffinity,0x0,1,0,0,0,0,0,0,0,0,NoRank,NoRank,NoRank,NoRank,NoRank,NoRank,NoRank,NoRank,60,20,30,35,15,15,25,0x0,0x0,0x0,0x0,0x0,0x0,0x0,0x0,0x0,0x0,0x0
0xB1 Monster,0x255,0x2b1,0xb1,0x59,0x0,0x4,DarkAffinity,0x0,1,0,0,0,0,0,0,0,0,NoRank,NoRank,NoRank,NoRank,NoRank,NoRank,NoRank,NoRank,60,20,30,35,15,15,25,0x0,0x0,0x0,0x0,0x0,0x0,0x0,0x0,0x0,0x0,0x0
0xB2 Monster,0x255,0x2b1,0xb2,0x5a,0x0,0x4,DarkAffinity,0x0,1,0,0,0,0,0,0,0,0,NoRank,NoRank,NoRank,NoRank,NoRank,NoRank,NoRank,NoRank,60,20,30,35,15,15,25,0x0,0x0,0x0,0x0,0x0,0x0,0x0,0x0,0x0,0x0,0x0
0xB3 Monster,0x255,0x2b1,0xb3,0x5b,0x0,0x4,DarkAffinity,0x0,1,0,0,0,0,0,0,0,0,NoRank,NoRank,NoRank,NoRank,NoRank,NoRank,NoRank,NoRank,60,20,30,35,15,15,25,0x0,0x0,0x0,0x0,0x0,0x0,0x0,0x0,0x0,0x0,0x0
0xB4 Monster,0x255,0x2b1,0xb4,0x5c,0x0,0x4,DarkAffinity,0x0,1,0,0,0,0,0,0,0,0,NoRank,NoRank,NoRank,NoRank,NoRank,NoRank,NoRank,NoRank,60,20,30,35,15,15,25,0x0,0x0,0x0,0x0,0x0,0x0,0x0,0x0,0x0,0x0,0x0
0xB5 Monster,0x255,0x2b1,0xb5,0x5d,0x0,0x4,DarkAffinity,0x0,1,0,0,0,0,0,0,0,0,NoRank,NoRank,NoRank,NoRank,NoRank,NoRank,NoRank,NoRank,60,20,30,35,15,15,25,0x0,0x0,0x0,0x0,0x0,0x0,0x0,0x0,0x0,0x0,0x0
0xB6 Monster,0x255,0x2b1,0xb6,0x5e,0x0,0x4,DarkAffinity,0x0,1,0,0,0,0,0,0,0,0,NoRank,NoRank,NoRank,NoRank,NoRank,NoRank,NoRank,NoRank,60,20,30,35,15,15,25,0x0,0x0,0x0,0x0,0x0,0x0,0x0,0x0,0x0,0x0,0x0
0xB7 Monster,0x255,0x2b1,0xb7,0x5f,0x0,0x4,DarkAffinity,0x0,1,0,0,0,0,0,0,0,0,NoRank,NoRank,NoRank,NoRank,NoRank,NoRank,NoRank,NoRank,60,20,30,35,15,15,25,0x0,0x0,0x0,0x0,0x0,0x0,0x0,0x0,0x0,0x0,0x0
0xB8 Monster,0x255,0x2b1,0xb8,0x60,0x0,0x4,DarkAffinity,0x0,1,0,0,0,0,0,0,0,0,NoRank,NoRank,NoRank,NoRank,NoRank,NoRank,NoRank,NoRank,60,20,30,35,15,15,25,0x0,0x0,0x0,0x0,0x0,0x0,0x0,0x0,0x0,0x0,0x0
0xB9 Monster,0x255,0x2b1,0xb9,0x61,0x0,0x4,DarkAffinity,0x0,1,0,0,0,0,0,0,0,0,NoRank,NoRank,NoRank,NoRank,NoRank,NoRank,NoRank,NoRank,60,20,30,35,15,15,25,0x0,0x0,0x0,0x0,0x0,0x0,0x0,0x0,0x0,0x0,0x0
0xBA Monster (Gorgon Egg?),0x256,0x2b1,0xba,0x62,0x0,0x4,DarkAffinity,0x0,1,0,0,0,0,0,0,0,0,NoRank,NoRank,NoRank,NoRank,NoRank,NoRank,NoRank,NoRank,100,0,0,0,0,0,0,0x0,0x0,0x0,0x0,0x0,0x0,0x0,0x0,0x0,0x0,0x0
0xBB Monster,0x255,0x2b1,0xbb,0x63,0x0,0x4,DarkAffinity,0x0,1,0,0,0,0,0,0,0,0,NoRank,NoRank,NoRank,NoRank,NoRank,NoRank,NoRank,NoRank,60,20,30,35,15,15,25,0x0,0x0,0x0,0x0,0x0,0x0,0x0,0x0,0x0,0x0,0x0
0xBC Monster,0x255,0x2b1,0xbc,0x64,0x0,0x4,DarkAffinity,0x0,1,0,0,0,0,0,0,0,0,NoRank,NoRank,NoRank,NoRank,NoRank,NoRank,NoRank,NoRank,60,20,30,35,15,15,25,0x0,0x0,0x0,0x0,0x0,0x0,0x0,0x0,0x0,0x0,0x0
0xBD Monster (Dracozombie?),0x255,0x2b1,0xbd,0x65,0x0,0x1,DarkAffinity,0x0,1,0,0,0,0,0,0,0,0,NoRank,NoRank,NoRank,NoRank,NoRank,NoRank,NoRank,NoRank,60,20,30,35,15,15,25,0x0,0x0,0x0,0x0,0x0,0x0,0x0,0x0,0x0,0x0,0x0
0xBE Demon King,0x25a,0x2b2,0xbe,0x66,0x0,0x4,DarkAffinity,0x0,20,0,0,0,0,0,0,10,0,NoRank,NoRank,NoRank,NoRank,NoRank,NoRank,NoRank,NoRank,60,20,30,35,15,15,25,0x0,0x0,0x0,0x0,0x0,IsBoss,0x0,0x0,0x0,0x0,0x0
0xBF -,0x267,0x0,0xbf,0x41,0x0,0x0,NoAffinity,0x0,1,0,0,0,0,0,0,0,0,NoRank,NoRank,NoRank,NoRank,NoRank,NoRank,NoRank,NoRank,0,0,0,0,0,0,0,0x0,0x0,0x0,0x0,0x0,0x0,0x0,0x0,0x0,0x0,0x0
0xC0 Frelian,0x262,0x2ba,0xc0,0x13,0x0,0x2,NoAffinity,0x0,1,0,0,0,0,0,0,0,0,NoRank,NoRank,NoRank,NoRank,NoRank,NoRank,NoRank,NoRank,85,40,50,45,25,25,20,0x0,0x0,0x0,0x0,0x0,0x0,0x0,0x0,0x0,0x0,0x0
0xC1 Frelian,0x262,0x2ba,0xc1,0x5,0x0,0x2,NoAffinity,0x0,1,0,0,0,0,0,0,0,0,NoRank,NoRank,NoRank,NoRank,NoRank,NoRank,NoRank,NoRank,85,40,50,45,25,25,20,0x0,0x0,0x0,0x0,0x0,0x0,0x0,0x0,0x0,0x0,0x0
0xC2 -,0x267,0x0,0xc2,0x41,0x0,0x0,NoAffinity,0x0,1,0,0,0,0,0,0,0,0,NoRank,NoRank,NoRank,NoRank,NoRank,NoRank,NoRank,NoRank,0,0,0,0,0,0,0,0x0,0x0,0x0,0x0,0x0,0x0,0x0,0x0,0x0,0x0,0x0
0xC3 -,0x267,0x0,0xc3,0x41,0x0,0x0,NoAffinity,0x0,1,0,0,0,0,0,0,0,0,NoRank,NoRank,NoRank,NoRank,NoRank,NoRank,NoRank,NoRank,0,0,0,0,0,0,0,0x0,0x0,0x0,0x0,0x0,0x0,0x0,0x0,0x0,0x0,0x0
0xC4 -,0x267,0x0,0xc4,0x41,0x0,0x0,NoAffinity,0x0,1,0,0,0,0,0,0,0,0,NoRank,NoRank,NoRank,NoRank,NoRank,NoRank,NoRank,NoRank,0,0,0,0,0,0,0,0x0,0x0,0x0,0x0,0x0,0x0,0x0,0x0,0x0,0x0,0x0
0xC5 Fado (Renais),0x25b,0x2b3,0xc5,0x27,0x51,0x0,FireAffinity,0x0,5,13,8,6,8,2,12,10,3,NoRank,NoRank,NoRank,NoRank,NoRank,NoRank,NoRank,NoRank,85,40,50,45,25,25,20,0x0,0x0,0x0,0x0,0x0,0x0,0x0,0x0,0x0,0x0,0x0
0xC6 -,0x267,0x0,0xc6,0x41,0x0,0x0,NoAffinity,0x0,1,0,0,0,0,0,0,0,0,NoRank,NoRank,NoRank,NoRank,NoRank,NoRank,NoRank,NoRank,0,0,0,0,0,0,0,0x0,0x0,0x0,0x0,0x0,0x0,0x0,0x0,0x0,0x0,0x0
0xC7 Hayden (Frelia),0x25c,0x2b4,0xc7,0x73,0x52,0x0,AnimaAffinity,0x0,1,0,0,0,0,0,0,0,1,NoRank,NoRank,NoRank,NoRank,NoRank,NoRank,NoRank,NoRank,85,40,50,45,25,25,20,0x0,0x0,0x0,0x0,0x0,0x0,0x0,0x0,0x0,0x0,0x0
0xC8 Mansel (Rausten),0x25e,0x2b5,0xc8,0x7a,0x53,0x0,LightAffinity,0x0,17,11,11,3,2,5,8,17,0,NoRank,NoRank,NoRank,NoRank,NoRank,NoRank,NoRank,NoRank,85,40,50,45,25,25,20,0x0,0x0,0x0,0x0,0x0,0x0,0x0,0x0,0x0,0x0,0x0
0xC9 Klimt (Carcino),0x25d,0x2b6,0xc9,0x2b,0x54,0x0,AnimaAffinity,0x0,1,0,0,0,0,0,0,0,0,NoRank,NoRank,NoRank,NoRank,NoRank,NoRank,NoRank,NoRank,85,40,50,45,25,25,20,0x0,0x0,0x0,0x0,0x0,0x0,0x0,0x0,0x0,0x0,0x0
0xCA Dara (Caer Pelyn),0x25f,0x2b7,0xca,0x2f,0x55,0x0,DarkAffinity,0x0,1,0,0,0,0,0,0,0,0,NoRank,NoRank,NoRank,NoRank,NoRank,NoRank,NoRank,NoRank,85,40,50,45,25,25,20,0x0,0x0,0x0,0x0,0x0,0x0,0x0,0x0,0x0,0x0,0x0
0xCB Ismaire (Jehanna),0x260,0x2b8,0xcb,0x74,0x56,0x0,WindAffinity,0x0,4,14,10,9,11,4,12,12,0,ARank,NoRank,NoRank,NoRank,NoRank,NoRank,NoRank,NoRank,75,30,60,55,20,25,30,0x0,0x0,0x0,0x0,0x0,IsFemale,0x0,0x0,0x0,0x0,0x0
0xCC Pegasus Messenger,0x261,0x2b9,0xcc,0x48,0x69,0x0,WindAffinity,0x0,1,3,2,2,5,0,2,7,0,NoRank,DRank,NoRank,NoRank,NoRank,NoRank,NoRank,NoRank,85,40,50,45,25,25,20,0x0,0x0,0x0,0x0,0x0,IsFemale,0x0,0x0,0x0,0x0,0x0
0xCD Rausten Knight,0x263,0x2bb,0xcd,0x9,0x0,0x2,NoAffinity,0x0,1,0,0,0,0,0,0,0,0,NoRank,NoRank,NoRank,NoRank,NoRank,NoRank,NoRank,NoRank,85,40,50,45,25,25,20,0x0,0x0,0x0,0x0,0x0,0x0,0x0,0x0,0x0,0x0,0x0
0xCE Rausten Knight,0x263,0x2bb,0xce,0x9,0x0,0x2,NoAffinity,0x0,1,0,0,0,0,0,0,0,0,NoRank,NoRank,NoRank,NoRank,NoRank,NoRank,NoRank,NoRank,85,40,50,45,25,25,20,0x0,0x0,0x0,0x0,0x0,0x0,0x0,0x0,0x0,0x0,0x0
0xCF -,0x267,0x0,0xcf,0x41,0x0,0x0,NoAffinity,0x0,0,0,0,0,0,0,0,0,0,NoRank,NoRank,NoRank,NoRank,NoRank,NoRank,NoRank,NoRank,0,0,0,0,0,0,0,0x0,0x0,0x0,0x0,0x0,0x0,0x0,0x0,0x0,0x0,0x0
0xD0 -,0x267,0x0,0xd0,0x41,0x0,0x0,NoAffinity,0x0,0,0,0,0,0,0,0,0,0,NoRank,NoRank,NoRank,NoRank,NoRank,NoRank,NoRank,NoRank,0,0,0,0,0,0,0,0x0,0x0,0x0,0x0,0x0,0x0,0x0,0x0,0x0,0x0,0x0
0xD1 -,0x267,0x0,0xd1,0x41,0x0,0x0,NoAffinity,0x0,0,0,0,0,0,0,0,0,0,NoRank,NoRank,NoRank,NoRank,NoRank,NoRank,NoRank,NoRank,0,0,0,0,0,0,0,0x0,0x0,0x0,0x0,0x0,0x0,0x0,0x0,0x0,0x0,0x0
0xD2 -,0x267,0x0,0xd2,0x41,0x0,0x0,NoAffinity,0x0,0,0,0,0,0,0,0,0,0,NoRank,NoRank,NoRank,NoRank,NoRank,NoRank,NoRank,NoRank,0,0,0,0,0,0,0,0x0,0x0,0x0,0x0,0x0,0x0,0x0,0x0,0x0,0x0,0x0
0xD3 -,0x267,0x0,0xd3,0x41,0x0,0x0,NoAffinity,0x0,0,0,0,0,0,0,0,0,0,NoRank,NoRank,NoRank,NoRank,NoRank,NoRank,NoRank,NoRank,0,0,0,0,0,0,0,0x0,0x0,0x0,0x0,0x0,0x0,0x0,0x0,0x0,0x0,0x0
0xD4 -,0x267,0x0,0xd4,0x41,0x0,0x0,NoAffinity,0x0,0,0,0,0,0,0,0,0,0,NoRank,NoRank,NoRank,NoRank,NoRank,NoRank,NoRank,NoRank,0,0,0,0,0,0,0,0x0,0x0,0x0,0x0,0x0,0x0,0x0,0x0,0x0,0x0,0x0
0xD5 -,0x267,0x0,0xd5,0x41,0x0,0x0,NoAffinity,0x0,0,0,0,0,0,0,0,0,0,NoRank,NoRank,NoRank,NoRank,NoRank,NoRank,NoRank,NoRank,0,0,0,0,0,0,0,0x0,0x0,0x0,0x0,0x0,0x0,0x0,0x0,0x0,0x0,0x0
0xD6 -,0x267,0x0,0xd6,0x41,0x0,0x0,NoAffinity,0x0,0,0,0,0,0,0,0,0,0,NoRank,NoRank,NoRank,NoRank,NoRank,NoRank,NoRank,NoRank,0,0,0,0,0,0,0,0x0,0x0,0x0,0x0,0x0,0x0,0x0,0x0,0x0,0x0,0x0
0xD7 -,0x267,0x0,0xd7,0x41,0x0,0x0,NoAffinity,0x0,0,0,0,0,0,0,0,0,0,NoRank,NoRank,NoRank,NoRank,NoRank,NoRank,NoRank,NoRank,0,0,0,0,0,0,0,0x0,0x0,0x0,0x0,0x0,0x0,0x0,0x0,0x0,0x0,0x0
0xD8 -,0x267,0x0,0xd8,0x41,0x0,0x0,NoAffinity,0x0,0,0,0,0,0,0,0,0,0,NoRank,NoRank,NoRank,NoRank,NoRank,NoRank,NoRank,NoRank,0,0,0,0,0,0,0,0x0,0x0,0x0,0x0,0x0,0x0,0x0,0x0,0x0,0x0,0x0
0xD9 -,0x267,0x0,0xd9,0x41,0x0,0x0,NoAffinity,0x0,0,0,0,0,0,0,0,0,0,NoRank,NoRank,NoRank,NoRank,NoRank,NoRank,NoRank,NoRank,0,0,0,0,0,0,0,0x0,0x0,0x0,0x0,0x0,0x0,0x0,0x0,0x0,0x0,0x0
0xDA -,0x267,0x0,0xda,0x41,0x0,0x0,NoAffinity,0x0,0,0,0,0,0,0,0,0,0,NoRank,NoRank,NoRank,NoRank,NoRank,NoRank,NoRank,NoRank,0,0,0,0,0,0,0,0x0,0x0,0x0,0x0,0x0,0x0,0x0,0x0,0x0,0x0,0x0
0xDB -,0x267,0x0,0xdb,0x41,0x0,0x0,NoAffinity,0x0,0,0,0,0,0,0,0,0,0,NoRank,NoRank,NoRank,NoRank,NoRank,NoRank,NoRank,NoRank,0,0,0,0,0,0,0,0x0,0x0,0x0,0x0,0x0,0x0,0x0,0x0,0x0,0x0,0x0
0xDC -,0x267,0x0,0xdc,0x41,0x0,0x0,NoAffinity,0x0,0,0,0,0,0,0,0,0,0,NoRank,NoRank,NoRank,NoRank,NoRank,NoRank,NoRank,NoRank,0,0,0,0,0,0,0,0x0,0x0,0x0,0x0,0x0,0x0,0x0,0x0,0x0,0x0,0x0
0xDD -,0x267,0x0,0xdd,0x41,0x0,0x0,NoAffinity,0x0,0,0,0,0,0,0,0,0,0,NoRank,NoRank,NoRank,NoRank,NoRank,NoRank,NoRank,NoRank,0,0,0,0,0,0,0,0x0,0x0,0x0,0x0,0x0,0x0,0x0,0x0,0x0,0x0,0x0
0xDE -,0x267,0x0,0xde,0x41,0x0,0x0,NoAffinity,0x0,0,0,0,0,0,0,0,0,0,NoRank,NoRank,NoRank,NoRank,NoRank,NoRank,NoRank,NoRank,0,0,0,0,0,0,0,0x0,0x0,0x0,0x0,0x0,0x0,0x0,0x0,0x0,0x0,0x0
0xDF -,0x267,0x0,0xdf,0x41,0x0,0x0,NoAffinity,0x0,0,0,0,0,0,0,0,0,0,NoRank,NoRank,NoRank,NoRank,NoRank,NoRank,NoRank,NoRank,0,0,0,0,0,0,0,0x0,0x0,0x0,0x0,0x0,0x0,0x0,0x0,0x0,0x0,0x0
0xE0 -,0x267,0x0,0xe0,0x41,0x0,0x0,NoAffinity,0x0,0,0,0,0,0,0,0,0,0,NoRank,NoRank,NoRank,NoRank,NoRank,NoRank,NoRank,NoRank,0,0,0,0,0,0,0,0x0,0x0,0x0,0x0,0x0,0x0,0x0,0x0,0x0,0x0,0x0
0xE1 -,0x267,0x0,0xe1,0x41,0x0,0x0,NoAffinity,0x0,0,0,0,0,0,0,0,0,0,NoRank,NoRank,NoRank,NoRank,NoRank,NoRank,NoRank,NoRank,0,0,0,0,0,0,0,0x0,0x0,0x0,0x0,0x0,0x0,0x0,0x0,0x0,0x0,0x0
0xE2 -,0x267,0x0,0xe2,0x41,0x0,0x0,NoAffinity,0x0,0,0,0,0,0,0,0,0,0,NoRank,NoRank,NoRank,NoRank,NoRank,NoRank,NoRank,NoRank,0,0,0,0,0,0,0,0x0,0x0,0x0,0x0,0x0,0x0,0x0,0x0,0x0,0x0,0x0
0xE3 -,0x267,0x0,0xe3,0x41,0x0,0x0,NoAffinity,0x0,0,0,0,0,0,0,0,0,0,NoRank,NoRank,NoRank,NoRank,NoRank,NoRank,NoRank,NoRank,0,0,0,0,0,0,0,0x0,0x0,0x0,0x0,0x0,0x0,0x0,0x0,0x0,0x0,0x0
0xE4 -,0x267,0x0,0xe4,0x41,0x0,0x0,NoAffinity,0x0,0,0,0,0,0,0,0,0,0,NoRank,NoRank,NoRank,NoRank,NoRank,NoRank,NoRank,NoRank,0,0,0,0,0,0,0,0x0,0x0,0x0,0x0,0x0,0x0,0x0,0x0,0x0,0x0,0x0
0xE5 -,0x267,0x0,0xe5,0x41,0x0,0x0,NoAffinity,0x0,0,0,0,0,0,0,0,0,0,NoRank,NoRank,NoRank,NoRank,NoRank,NoRank,NoRank,NoRank,0,0,0,0,0,0,0,0x0,0x0,0x0,0x0,0x0,0x0,0x0,0x0,0x0,0x0,0x0
0xE6 -,0x267,0x0,0xe6,0x41,0x0,0x0,NoAffinity,0x0,0,0,0,0,0,0,0,0,0,NoRank,NoRank,NoRank,NoRank,NoRank,NoRank,NoRank,NoRank,0,0,0,0,0,0,0,0x0,0x0,0x0,0x0,0x0,0x0,0x0,0x0,0x0,0x0,0x0
0xE7 -,0x267,0x0,0xe7,0x41,0x0,0x0,NoAffinity,0x0,0,0,0,0,0,0,0,0,0,NoRank,NoRank,NoRank,NoRank,NoRank,NoRank,NoRank,NoRank,0,0,0,0,0,0,0,0x0,0x0,0x0,0x0,0x0,0x0,0x0,0x0,0x0,0x0,0x0
0xE8 -,0x267,0x0,0xe8,0x41,0x0,0x0,NoAffinity,0x0,0,0,0,0,0,0,0,0,0,NoRank,NoRank,NoRank,NoRank,NoRank,NoRank,NoRank,NoRank,0,0,0,0,0,0,0,0x0,0x0,0x0,0x0,0x0,0x0,0x0,0x0,0x0,0x0,0x0
0xE9 -,0x267,0x0,0xe9,0x41,0x0,0x0,NoAffinity,0x0,0,0,0,0,0,0,0,0,0,NoRank,NoRank,NoRank,NoRank,NoRank,NoRank,NoRank,NoRank,0,0,0,0,0,0,0,0x0,0x0,0x0,0x0,0x0,0x0,0x0,0x0,0x0,0x0,0x0
0xEA -,0x267,0x0,0xea,0x41,0x0,0x0,NoAffinity,0x0,0,0,0,0,0,0,0,0,0,NoRank,NoRank,NoRank,NoRank,NoRank,NoRank,NoRank,NoRank,0,0,0,0,0,0,0,0x0,0x0,0x0,0x0,0x0,0x0,0x0,0x0,0x0,0x0,0x0
0xEB -,0x267,0x0,0xeb,0x41,0x0,0x0,NoAffinity,0x0,0,0,0,0,0,0,0,0,0,NoRank,NoRank,NoRank,NoRank,NoRank,NoRank,NoRank,NoRank,0,0,0,0,0,0,0,0x0,0x0,0x0,0x0,0x0,0x0,0x0,0x0,0x0,0x0,0x0
0xEC -,0x267,0x0,0xec,0x41,0x0,0x0,NoAffinity,0x0,0,0,0,0,0,0,0,0,0,NoRank,NoRank,NoRank,NoRank,NoRank,NoRank,NoRank,NoRank,0,0,0,0,0,0,0,0x0,0x0,0x0,0x0,0x0,0x0,0x0,0x0,0x0,0x0,0x0
0xED -,0x267,0x0,0xed,0x41,0x0,0x0,NoAffinity,0x0,0,0,0,0,0,0,0,0,0,NoRank,NoRank,NoRank,NoRank,NoRank,NoRank,NoRank,NoRank,0,0,0,0,0,0,0,0x0,0x0,0x0,0x0,0x0,0x0,0x0,0x0,0x0,0x0,0x0
0xEE -,0x267,0x0,0xee,0x41,0x0,0x0,NoAffinity,0x0,0,0,0,0,0,0,0,0,0,NoRank,NoRank,NoRank,NoRank,NoRank,NoRank,NoRank,NoRank,0,0,0,0,0,0,0,0x0,0x0,0x0,0x0,0x0,0x0,0x0,0x0,0x0,0x0,0x0
0xEF -,0x267,0x0,0xef,0x41,0x0,0x0,NoAffinity,0x0,0,0,0,0,0,0,0,0,0,NoRank,NoRank,NoRank,NoRank,NoRank,NoRank,NoRank,NoRank,0,0,0,0,0,0,0,0x0,0x0,0x0,0x0,0x0,0x0,0x0,0x0,0x0,0x0,0x0
0xF0 -,0x267,0x0,0xf0,0x41,0x0,0x0,NoAffinity,0x0,0,0,0,0,0,0,0,0,0,NoRank,NoRank,NoRank,NoRank,NoRank,NoRank,NoRank,NoRank,0,0,0,0,0,0,0,0x0,0x0,0x0,0x0,0x0,0x0,0x0,0x0,0x0,0x0,0x0
0xF1 -,0x267,0x0,0xf1,0x41,0x0,0x0,NoAffinity,0x0,0,0,0,0,0,0,0,0,0,NoRank,NoRank,NoRank,NoRank,NoRank,NoRank,NoRank,NoRank,0,0,0,0,0,0,0,0x0,0x0,0x0,0x0,0x0,0x0,0x0,0x0,0x0,0x0,0x0
0xF2 -,0x267,0x0,0xf2,0x41,0x0,0x0,NoAffinity,0x0,0,0,0,0,0,0,0,0,0,NoRank,NoRank,NoRank,NoRank,NoRank,NoRank,NoRank,NoRank,0,0,0,0,0,0,0,0x0,0x0,0x0,0x0,0x0,0x0,0x0,0x0,0x0,0x0,0x0
0xF3 -,0x267,0x0,0xf3,0x41,0x0,0x0,NoAffinity,0x0,0,0,0,0,0,0,0,0,0,NoRank,NoRank,NoRank,NoRank,NoRank,NoRank,NoRank,NoRank,0,0,0,0,0,0,0,0x0,0x0,0x0,0x0,0x0,0x0,0x0,0x0,0x0,0x0,0x0
0xF4 River Folk Child (F),0x266,0x2bd,0xf4,0x6d,0x0,0x5,NoAffinity,0x0,1,0,0,0,0,2,0,0,0,NoRank,NoRank,NoRank,NoRank,NoRank,NoRank,NoRank,NoRank,85,25,60,10,15,15,25,0x0,0x0,0x0,0x0,0x0,0x0,0x0,0x0,0x0,0x0,0x0
0xF5 River Folk (F),0x266,0x2bd,0xf5,0x6e,0x0,0x5,NoAffinity,0x0,1,0,0,0,0,2,0,0,0,NoRank,NoRank,NoRank,NoRank,NoRank,NoRank,NoRank,NoRank,85,25,60,10,15,15,25,0x0,0x0,0x0,0x0,0x0,IsFemale,0x0,0x0,0x0,0x0,0x0
0xF6 River Folk (M),0x266,0x2bd,0xf6,0x6f,0x0,0x5,NoAffinity,0x0,1,0,0,0,0,2,0,0,0,NoRank,NoRank,NoRank,NoRank,NoRank,NoRank,NoRank,NoRank,85,25,60,10,15,15,25,0x0,0x0,0x0,0x0,0x0,0x0,0x0,0x0,0x0,0x0,0x0
0xF7 River Folk (F),0x266,0x2bd,0xf7,0x70,0x0,0x5,NoAffinity,0x0,1,0,0,0,0,2,0,0,0,NoRank,NoRank,NoRank,NoRank,NoRank,NoRank,NoRank,NoRank,85,25,60,10,15,15,25,0x0,0x0,0x0,0x0,0x0,IsFemale,0x0,0x0,0x0,0x0,0x0
0xF8 River Folk Child,0x266,0x2bd,0xf8,0x6d,0x0,0x5,NoAffinity,0x0,1,0,0,0,0,2,0,0,0,NoRank,NoRank,NoRank,NoRank,NoRank,NoRank,NoRank,NoRank,85,25,60,10,15,15,25,0x0,0x0,0x0,0x0,0x0,0x0,0x0,0x0,0x0,0x0,0x0
0xF9 Renais Citizen 1 (Child),0x265,0x2bc,0xf9,0x6e,0x0,0x5,NoAffinity,0x0,1,0,0,0,0,2,0,0,0,NoRank,NoRank,NoRank,NoRank,NoRank,NoRank,NoRank,NoRank,85,25,60,10,15,15,25,0x0,0x0,0x0,0x0,0x0,IsFemale,0x0,0x0,0x0,0x0,0x0
0xFA Renais Citizen 2,0x265,0x2bc,0xfa,0x71,0x0,0x5,NoAffinity,0x0,1,0,0,0,0,2,0,0,0,NoRank,NoRank,NoRank,NoRank,NoRank,NoRank,NoRank,NoRank,85,25,60,10,15,15,25,0x0,0x0,0x0,0x0,0x0,0x0,0x0,0x0,0x0,0x0,0x0
0xFB Renais Citizen 3,0x265,0x2bc,0xfb,0x72,0x0,0x5,NoAffinity,0x0,1,0,0,0,0,2,0,0,0,NoRank,NoRank,NoRank,NoRank,NoRank,NoRank,NoRank,NoRank,85,25,60,10,15,15,25,0x0,0x0,0x0,0x0,0x0,IsFemale,0x0,0x0,0x0,0x0,0x0
0xFC Old 'Citizen',0x264,0x0,0xfc,0x71,0x0,0x5,NoAffinity,0x0,1,0,0,0,0,2,0,0,0,NoRank,NoRank,NoRank,NoRank,NoRank,NoRank,NoRank,NoRank,85,25,60,10,15,15,25,0x0,0x0,0x0,0x0,0x0,0x0,0x0,0x3,0x0,0x0,0x0
0xFD Enemy (Arena),0x267,0x0,0xfd,0x41,0x0,0x0,NoAffinity,0x0,0,0,0,0,0,0,0,0,0,NoRank,NoRank,NoRank,NoRank,NoRank,NoRank,NoRank,NoRank,0,0,0,0,0,0,0,0x0,0x0,0x0,0x0,0x0,0x0,0x0,0x0,0x0,0x0,0x0
0xFE Wall,0x268,0x0,0xfe,0x41,0x0,0x0,NoAffinity,0x0,0,0,0,0,0,0,0,0,0,NoRank,NoRank,NoRank,NoRank,NoRank,NoRank,NoRank,NoRank,0,0,0,0,0,0,0,0x0,0x0,0x0,0x0,0x0,0x0,0x0,0x0,0x0,0x0,0x0
0xFF Snag,0x269,0x0,0xff,0x41,0x0,0x0,NoAffinity,0x0,0,0,0,0,0,0,0,0,0,NoRank,NoRank,NoRank,NoRank,NoRank,NoRank,NoRank,NoRank,0,0,0,0,0,0,0,0x0,0x0,0x0,0x0,0x0,0x0,0x0,0x0,0x0,0x0,0x0
